country,year,child_mortality,gdp_per_capita_usd,health_exp_pc_usd,life_expectancy_years,urban_population_pct
BRA,2000.0,34.5,3766.54811466032,313.92590332,69.584,81.192
BRA,2001.0,32.2,3176.28935747524,271.56121826,69.98,81.553
BRA,2002.0,30.1,2855.94018885769,248.37753296,70.396,81.88
BRA,2003.0,28.1,3090.6070097455,253.08970642,70.884,82.203
BRA,2004.0,26.3,3663.823188064,297.68243408,71.361,82.521
BRA,2005.0,24.6,4827.78173074714,387.93121338,71.832,82.834
BRA,2006.0,23.1,5934.14470924968,489.53884888,72.296,83.143
BRA,2007.0,21.7,7409.69130673473,607.73022461,72.73,83.448
BRA,2008.0,20.5,8908.33176538648,713.67193604,73.111,83.749
BRA,2009.0,19.5,8678.6592244676,728.55639648,73.457,84.044
BRA,2010.0,18.6,11403.2821278747,906.0098877,73.779,84.335
BRA,2011.0,17.9,13396.6243562986,1043.3548584,74.047,84.631
BRA,2012.0,17.2,12521.7213519966,968.7277832,74.335,84.923
BRA,2013.0,16.7,12458.8912138813,993.79608154,74.609,85.209
BRA,2014.0,16.3,12274.9939689363,1030.66271973,74.823,85.492
BRA,2015.0,16.0,8936.19661712113,796.15252686,75.106,85.77
BRA,2016.0,16.8,8836.28652735657,810.20037842,75.081,86.042
BRA,2017.0,15.4,10080.5092819305,954.75012207,75.383,86.309
BRA,2018.0,15.2,9300.66164923219,880.28430176,75.633,86.569
BRA,2019.0,15.0,9029.83326681073,868.17248535,75.809,86.824
BRA,2020.0,14.9,7074.19378337644,680.76843262,74.506,87.073
BRA,2021.0,14.7,7972.5366498646,768.27075195,73.038,87.317
BRA,2022.0,14.6,9281.33334441234,848.57122803,74.872,87.555
BRA,2023.0,14.4,10377.5892792557,,75.848,87.788
CHN,2000.0,36.7,969.199513696287,42.80797577,72.288,35.877
CHN,2001.0,34.2,1065.40597574519,44.36042023,72.675,37.093
CHN,2002.0,31.5,1163.55957673426,49.92394638,73.034,38.425
CHN,2003.0,28.9,1306.97245408557,56.54468155,73.385,39.776
CHN,2004.0,26.4,1530.92726215723,64.28150177,73.727,41.144
CHN,2005.0,24.0,1777.64496828464,73.00266266,74.085,42.522
CHN,2006.0,21.9,2129.25696999613,82.48256683,74.404,43.868
CHN,2007.0,20.1,2734.72709877693,98.5569458,74.789,45.199
CHN,2008.0,18.5,3523.44302065213,133.83999634,74.833,46.539
CHN,2009.0,17.1,3898.24459158811,164.87619019,75.317,47.88
CHN,2010.0,15.8,4629.24551710077,188.87156677,75.668,49.226
CHN,2011.0,14.6,5703.76027973346,239.19824219,75.889,50.511
CHN,2012.0,13.5,6405.0574241349,284.69760132,76.2,51.765
CHN,2013.0,12.5,7147.03518622344,329.08572388,76.452,53.013
CHN,2014.0,11.5,7781.06597484974,362.28695679,76.714,54.259
CHN,2015.0,10.7,8175.33285077393,393.09768677,76.975,55.5
CHN,2016.0,9.9,8254.86859320357,398.17489624,77.214,56.736
CHN,2017.0,9.2,8979.67652709856,439.94006348,77.235,57.96
CHN,2018.0,8.6,10085.6638148819,504.10980225,77.709,59.152
CHN,2019.0,8.0,10342.9009524335,538.99157715,77.94,60.308
CHN,2020.0,7.5,10627.4637989619,582.95092773,78.019,61.428
CHN,2021.0,7.0,12887.4357242941,670.25897217,78.117,62.512
CHN,2022.0,6.6,12970.6056414327,672.45159912,78.202,63.56
CHN,2023.0,6.2,12951.1782397043,,77.953,64.57
DEU,2000.0,5.4,23925.8559901991,2344.41088867,77.9268292682927,74.965
DEU,2001.0,5.2,23878.3641471651,2346.66918945,78.3292682926829,75.17
DEU,2002.0,5.1,25486.5942008748,2567.50292969,78.2292682926829,75.374
DEU,2003.0,5.0,30711.1022511331,3152.79418945,78.3804878048781,75.577
DEU,2004.0,4.8,34566.7359143735,3459.82495117,78.6804878048781,75.779
DEU,2005.0,4.7,35084.4363546269,3558.21337891,78.9317073170732,75.98
DEU,2006.0,4.6,36980.3349948954,3698.04370117,79.1317073170732,76.179
DEU,2007.0,4.5,42350.9217211489,4182.91601563,79.5341463414634,76.378
DEU,2008.0,4.4,46386.3295924799,4669.76025391,79.7365853658537,76.575
DEU,2009.0,4.3,42487.2137101496,4674.91943359,79.8365853658537,76.771
DEU,2010.0,4.2,42409.9356994694,4611.421875,79.9878048780488,76.966
DEU,2011.0,4.1,47646.582043143,5037.49169922,80.4365853658537,77.16
DEU,2012.0,4.0,44735.5882319701,4765.67871094,80.5390243902439,77.17
DEU,2013.0,4.0,47220.0102098851,5100.15234375,80.490243902439,77.18
DEU,2014.0,4.0,48971.0824722599,5309.15478516,81.090243902439,77.19
DEU,2015.0,3.9,41911.0109851054,4627.27587891,80.6414634146341,77.2
DEU,2016.0,3.9,42961.0356905775,4746.77539063,80.990243902439,77.224
DEU,2017.0,3.8,45526.5999576533,5065.43164063,80.9926829268293,77.261
DEU,2018.0,3.8,48874.8595028454,5507.67675781,80.8926829268293,77.312
DEU,2019.0,3.7,47623.8656074829,5488.53955078,81.2926829268293,77.376
DEU,2020.0,3.7,47379.765194548,5932.20019531,81.0414634146342,77.453
DEU,2021.0,3.7,52265.6541620571,6638.20800781,80.790243902439,77.544
DEU,2022.0,3.7,49686.1154582583,6182.34375,80.6080487804878,77.648
DEU,2023.0,3.7,53940.4073447462,6232.59130859,80.5414634146342,77.765
FRA,2000.0,5.4,22340.5939516217,2161.85302734,79.0560975609756,75.871
FRA,2001.0,5.2,22331.7948343036,2192.71557617,79.1585365853659,76.127
FRA,2002.0,5.1,24144.5727019529,2449.75830078,79.2609756097561,76.38
FRA,2003.0,4.9,29479.5222101175,3006.3059082,79.1146341463415,76.632
FRA,2004.0,4.8,33644.9282220364,3458.62744141,80.1634146341463,76.883
FRA,2005.0,4.6,34696.3718316971,3575.02514648,80.1634146341463,77.13
FRA,2006.0,4.5,36431.5658906555,3811.55175781,80.8121951219512,77.377
FRA,2007.0,4.4,41486.1907828787,4312.31054688,81.1121951219512,77.621
FRA,2008.0,4.4,45464.8181385158,4807.37451172,81.2146341463415,77.868
FRA,2009.0,4.3,41728.0884164132,4737.578125,81.4146341463415,78.117
FRA,2010.0,4.2,40694.8211697025,4592.38330078,81.6634146341463,78.369
FRA,2011.0,4.2,43929.7840873812,4931.87792969,82.1146341463415,78.622
FRA,2012.0,4.1,40863.5814412333,4644.59570313,81.9682926829268,78.878
FRA,2013.0,4.1,42669.1795111893,4884.71582031,82.219512195122,79.135
FRA,2014.0,4.1,43148.0459288416,4974.74658203,82.719512195122,79.394
FRA,2015.0,4.2,36702.4323733379,4198.72900391,82.3219512195122,79.655
FRA,2016.0,4.2,37024.2157133669,4264.14599609,82.5731707317073,79.917
FRA,2017.0,4.2,38687.1626407164,4416.79199219,82.5756097560976,80.18
FRA,2018.0,4.2,41418.1766484844,4667.95751953,82.6756097560976,80.444
FRA,2019.0,4.2,40408.2848574751,4508.76074219,82.8268292682927,80.709
FRA,2020.0,4.2,39169.8606000707,4747.51367188,82.1756097560976,80.975
FRA,2021.0,4.3,43725.0999521245,5376.74560547,82.3243902439024,81.242
FRA,2022.0,4.3,41082.8119320747,4865.17822266,82.1292682926829,81.509
FRA,2023.0,4.3,44690.9345395117,,82.9292682926829,81.777
GBR,2000.0,6.5,28280.926786099,2027.64416504,77.7414634146342,78.651
GBR,2001.0,6.4,27906.5695029641,2083.99023438,77.9926829268293,78.751
GBR,2002.0,6.3,30077.741432188,2374.82177734,78.1439024390244,79.047
GBR,2003.0,6.3,34442.6875402308,2789.35131836,78.4463414634146,79.339
GBR,2004.0,6.1,40366.8886650968,3377.11694336,78.7463414634146,79.629
GBR,2005.0,6.0,42104.7884375024,3547.28979492,79.0487804878049,79.915
GBR,2006.0,5.9,44512.4590296865,3817.99072266,79.2487804878049,80.199
GBR,2007.0,5.8,50397.6854954706,4431.63769531,79.4487804878049,80.479
GBR,2008.0,5.6,47396.1202078484,4301.41552734,79.6,80.757
GBR,2009.0,5.4,38744.131693043,3829.68286133,80.0512195121951,81.031
GBR,2010.0,5.2,39598.957119545,3892.38012695,80.4024390243902,81.302
GBR,2011.0,5.0,42109.6418795749,4140.36230469,80.9512195121951,81.57
GBR,2012.0,4.8,42490.1465463521,4217.24755859,80.9048780487805,81.837
GBR,2013.0,4.6,43419.0352598932,4348.28662109,81.0048780487805,82.102
GBR,2014.0,4.5,47426.6209829995,4716.30224609,81.3048780487805,82.365
GBR,2015.0,4.5,44983.885522934,4440.73828125,80.9560975609756,82.626
GBR,2016.0,4.4,40988.1044233026,4016.63916016,81.1560975609756,82.886
GBR,2017.0,4.4,40629.2340347345,3907.82226563,81.2560975609756,83.143
GBR,2018.0,4.4,43315.4874501318,4219.48632813,81.2560975609756,83.398
GBR,2019.0,4.4,42794.0022648288,4258.63476563,81.3691219512195,83.652
GBR,2020.0,4.4,40404.8062238951,4816.15283203,80.331756097561,83.903
GBR,2021.0,4.4,46926.475736105,5612.04931641,80.6473170731707,84.152
GBR,2022.0,4.5,46062.9914079698,5035.6171875,81.0112195121951,84.398
GBR,2023.0,4.5,49200.8101526146,5366.77685547,81.2380975609756,84.642
IND,2000.0,91.6,442.750218937263,18.47883415,62.749,27.667
IND,2001.0,88.0,450.357900514128,19.74444199,63.158,27.918
IND,2002.0,84.5,469.149928973927,20.15651703,63.649,28.244
IND,2003.0,81.1,544.143133545002,21.89380074,64.086,28.572
IND,2004.0,77.7,624.258826510066,24.9240799,64.484,28.903
IND,2005.0,74.4,710.488080408949,27.49770737,64.939,29.235
IND,2006.0,71.1,801.668353659022,29.37600899,65.373,29.569
IND,2007.0,67.9,1021.88707706826,35.63138962,65.803,29.906
IND,2008.0,64.6,992.519584923828,37.65440369,66.247,30.246
IND,2009.0,61.4,1094.94974598436,38.05965042,66.7,30.587
IND,2010.0,58.2,1347.51939071367,44.79586029,67.162,30.93
IND,2011.0,55.0,1445.46127486037,48.18242264,67.623,31.276
IND,2012.0,52.0,1429.32199520032,48.45263672,68.076,31.634
IND,2013.0,49.1,1432.84397512195,55.46933746,68.499,32.003
IND,2014.0,46.3,1553.88396075118,56.3490181,68.932,32.384
IND,2015.0,43.6,1583.99815907985,58.12401581,69.326,32.777
IND,2016.0,41.1,1707.50892912243,59.72652817,69.709,33.182
IND,2017.0,38.7,1950.10468280866,56.66844559,70.068,33.6
IND,2018.0,36.4,1966.25455171679,57.46551132,70.415,34.03
IND,2019.0,34.3,2041.42863698585,60.6913681,70.746,34.472
IND,2020.0,32.4,1907.04251637669,63.83099747,70.156,34.926
IND,2021.0,30.6,2239.61384367482,75.54971313,67.282,35.393
IND,2022.0,29.1,2347.44829434623,79.51509857,71.698,35.872
IND,2023.0,27.7,2530.12031278204,,72.003,36.364
ITA,2000.0,5.6,20190.0035636084,1524.23962402,79.7780487804878,67.222
ITA,2001.0,5.3,20570.4385917862,1586.67272949,80.1268292682927,67.282
ITA,2002.0,5.1,22451.3964379368,1762.53759766,80.2292682926829,67.382
ITA,2003.0,4.8,27577.5700319855,2163.02563477,79.9829268292683,67.501
ITA,2004.0,4.6,31348.1901841445,2565.62744141,80.7804878048781,67.62
ITA,2005.0,4.5,32062.723833669,2677.55224609,80.7829268292683,67.738
ITA,2006.0,4.3,33537.1286994269,2832.69775391,81.2829268292683,67.856
ITA,2007.0,4.2,37826.1754554823,3092.58227539,81.4341463414634,67.974
ITA,2008.0,4.1,40828.5795580937,3504.11157227,81.4853658536585,68.092
ITA,2009.0,4.1,37099.6133958219,3337.75073242,81.6365853658537,68.209
ITA,2010.0,4.0,35856.8625485539,3217.68286133,82.0365853658537,68.327
ITA,2011.0,3.9,38432.3742820019,3391.98925781,82.1878048780488,68.444
ITA,2012.0,3.8,34854.3949441965,3086.30322266,82.2390243902439,68.684
ITA,2013.0,3.7,35701.6746002376,3149.24267578,82.690243902439,68.979
ITA,2014.0,3.6,36028.3494022349,3154.27587891,83.090243902439,69.272
ITA,2015.0,3.5,30639.8829751432,2675.67163086,82.5439024390244,69.565
ITA,2016.0,3.4,31391.5692898108,2699.73291016,83.2439024390244,69.855
ITA,2017.0,3.3,32844.115660604,2809.72143555,82.9463414634147,70.144
ITA,2018.0,3.2,34904.1081923834,3002.76123047,83.3463414634146,70.438
ITA,2019.0,3.1,33812.788724868,2910.64672852,83.4975609756098,70.736
ITA,2020.0,3.0,32091.4866621366,3062.09838867,82.1951219512195,71.039
ITA,2021.0,2.9,36852.5425414951,3399.85766602,82.6463414634146,71.346
ITA,2022.0,2.8,35653.9042103495,3134.68066406,82.7,71.657
ITA,2023.0,2.8,39065.4244365633,3228.43505859,83.7,71.973
JPN,2000.0,4.5,39169.3595701504,2751.38452148,81.0760975609756,78.649
JPN,2001.0,4.3,34406.1824638092,2488.65185547,81.4163414634146,79.99
JPN,2002.0,4.1,32820.7936433254,2412.35131836,81.6907317073171,81.647
JPN,2003.0,4.0,35387.0374203599,2650.23852539,81.76,83.196
JPN,2004.0,3.9,38298.9801712303,2884.67358398,82.030243902439,84.64
JPN,2005.0,3.7,37812.8950199948,2892.60473633,81.9551219512195,85.978
JPN,2006.0,3.6,35991.546002862,2763.53344727,82.3219512195122,87.118
JPN,2007.0,3.5,35779.0245416427,2781.49365234,82.5070731707317,88.146
JPN,2008.0,3.4,39876.3039685725,3223.29101563,82.5875609756098,89.103
JPN,2009.0,3.4,41308.9968370512,3696.58422852,82.9314634146342,89.989
JPN,2010.0,3.3,44968.1562349739,4071.80200195,82.8426829268293,90.812
JPN,2011.0,3.3,48760.0789494211,5103.34326172,82.5912195121951,91.069
JPN,2012.0,3.1,49145.2804308193,5232.36279297,83.0960975609756,91.148
JPN,2013.0,3.0,40898.6478964744,4356.15527344,83.3319512195122,91.226
JPN,2014.0,2.9,38475.3952461838,4121.21142578,83.5878048780488,91.304
JPN,2015.0,2.8,34960.6393843385,3754.18115234,83.7939024390244,91.381
JPN,2016.0,2.7,39375.4731620781,4194.22802734,83.9848780487805,91.457
JPN,2017.0,2.6,38834.0529341227,4135.24316406,84.099756097561,91.535
JPN,2018.0,2.5,39751.1330982711,4265.77929688,84.2109756097561,91.616
JPN,2019.0,2.5,40415.9567649547,4431.29980469,84.3563414634146,91.698
JPN,2020.0,2.4,40028.7341726762,4486.63671875,84.56,91.782
JPN,2021.0,2.4,40094.5599795288,4482.61816406,84.4456097560976,91.867
JPN,2022.0,2.4,34065.6438962526,3889.35717773,83.9963414634146,91.955
JPN,2023.0,2.4,33836.1756271617,,84.0412195121951,92.043
NGA,2000.0,182.3,547.318298903379,17.15887642,47.143,34.84
NGA,2001.0,176.8,566.428231812933,17.96053314,47.549,35.669
NGA,2002.0,171.1,712.164852077686,17.53752899,48.02,36.508
NGA,2003.0,165.4,763.388745367223,37.91439438,48.618,37.356
NGA,2004.0,159.8,962.48104194733,42.81798172,49.148,38.212
NGA,2005.0,154.5,1211.37703504386,52.24337006,49.538,39.074
NGA,2006.0,149.6,1599.53891556365,63.63072205,49.876,39.943
NGA,2007.0,145.2,1815.52697545827,66.90659332,50.381,40.819
NGA,2008.0,141.3,2154.10543545364,77.45053101,50.748,41.702
NGA,2009.0,138.0,1820.48633854782,65.71811676,51.08,42.588
NGA,2010.0,135.1,2202.25672957344,73.008255,51.315,43.48
NGA,2011.0,132.9,2418.41316975875,80.2377243,51.49,44.366
NGA,2012.0,130.9,2633.19734671361,87.89523315,51.688,45.246
NGA,2013.0,129.3,2872.79083379398,97.29588318,51.827,46.118
NGA,2014.0,127.9,3088.72131316169,102.39888763,51.94,46.982
NGA,2015.0,126.4,2585.73360671797,92.91207123,51.939,47.838
NGA,2016.0,124.8,2070.4127339595,75.52328491,52.189,48.683
NGA,2017.0,122.8,1876.34027111773,70.31814575,52.397,49.519
NGA,2018.0,120.2,2057.87944554011,63.60244751,52.669,50.344
NGA,2019.0,117.5,2265.15520863056,67.6254425,53.009,51.157
NGA,2020.0,114.4,2019.65706326224,67.91384888,53.072,51.958
NGA,2021.0,111.3,2017.27486481527,81.87322235,53.455,52.746
NGA,2022.0,108.1,2139.37478476974,90.92185211,54.079,53.521
NGA,2023.0,104.9,1596.63696129001,,54.462,54.283
USA,2000.0,8.4,36329.9702595751,4548.5546875,76.6365853658537,79.057
USA,2001.0,8.3,37133.6203973517,4901.67529297,76.8365853658537,79.234
USA,2002.0,8.2,37997.7424300242,5327.93701172,76.9365853658537,79.409
USA,2003.0,8.1,39490.3023903176,5732.24365234,77.0365853658537,79.583
USA,2004.0,8.1,41724.6411982614,6071.84423828,77.4878048780488,79.757
USA,2005.0,8.0,44123.3996470026,6428.60205078,77.4878048780488,79.928
USA,2006.0,7.9,46301.9876485519,6802.47509766,77.6878048780488,80.099
USA,2007.0,7.7,48050.227412195,7153.73144531,77.9878048780488,80.269
USA,2008.0,7.6,48570.0594269601,7364.93847656,78.0390243902439,80.438
USA,2009.0,7.5,47194.9500893872,7614.82421875,78.390243902439,80.606
USA,2010.0,7.3,48642.6312088213,7836.08837891,78.5414634146342,80.772
USA,2011.0,7.2,50024.8812320773,8015.78076172,78.6414634146341,80.944
USA,2012.0,7.0,51708.3940614082,8262.29101563,78.7414634146342,81.119
USA,2013.0,6.9,53297.3862901595,8411.42871094,78.7414634146342,81.299
USA,2014.0,6.8,55153.3940182967,8796.18261719,78.8414634146341,81.483
USA,2015.0,6.8,56849.4697923159,9200.85839844,78.690243902439,81.671
USA,2016.0,6.7,57976.628204291,9536.20605469,78.5390243902439,81.862
USA,2017.0,6.6,60047.7190728307,9822.37890625,78.5390243902439,82.058
USA,2018.0,6.5,62875.6661382728,10182.25585938,78.6390243902439,82.256
USA,2019.0,6.5,65227.9565911038,10546.01367188,78.7878048780488,82.459
USA,2020.0,6.5,64401.5074354212,11672.77050781,76.9804878048781,82.664
USA,2021.0,6.5,71307.4017277218,11999.09082031,76.3292682926829,82.873
USA,2022.0,6.5,77860.9112908848,12434.43359375,77.4341463414634,83.084
USA,2023.0,6.5,82304.6204272866,,78.3853658536585,83.298
