country,indicator,year,value
BRA,child_mortality,2000.0,34.5
BRA,child_mortality,2001.0,32.2
BRA,child_mortality,2002.0,30.1
BRA,child_mortality,2003.0,28.1
BRA,child_mortality,2004.0,26.3
BRA,child_mortality,2005.0,24.6
BRA,child_mortality,2006.0,23.1
BRA,child_mortality,2007.0,21.7
BRA,child_mortality,2008.0,20.5
BRA,child_mortality,2009.0,19.5
BRA,child_mortality,2010.0,18.6
BRA,child_mortality,2011.0,17.9
BRA,child_mortality,2012.0,17.2
BRA,child_mortality,2013.0,16.7
BRA,child_mortality,2014.0,16.3
BRA,child_mortality,2015.0,16.0
BRA,child_mortality,2016.0,16.8
BRA,child_mortality,2017.0,15.4
BRA,child_mortality,2018.0,15.2
BRA,child_mortality,2019.0,15.0
BRA,child_mortality,2020.0,14.9
BRA,child_mortality,2021.0,14.7
BRA,child_mortality,2022.0,14.6
BRA,child_mortality,2023.0,14.4
CHN,child_mortality,2000.0,36.7
CHN,child_mortality,2001.0,34.2
CHN,child_mortality,2002.0,31.5
CHN,child_mortality,2003.0,28.9
CHN,child_mortality,2004.0,26.4
CHN,child_mortality,2005.0,24.0
CHN,child_mortality,2006.0,21.9
CHN,child_mortality,2007.0,20.1
CHN,child_mortality,2008.0,18.5
CHN,child_mortality,2009.0,17.1
CHN,child_mortality,2010.0,15.8
CHN,child_mortality,2011.0,14.6
CHN,child_mortality,2012.0,13.5
CHN,child_mortality,2013.0,12.5
CHN,child_mortality,2014.0,11.5
CHN,child_mortality,2015.0,10.7
CHN,child_mortality,2016.0,9.9
CHN,child_mortality,2017.0,9.2
CHN,child_mortality,2018.0,8.6
CHN,child_mortality,2019.0,8.0
CHN,child_mortality,2020.0,7.5
CHN,child_mortality,2021.0,7.0
CHN,child_mortality,2022.0,6.6
CHN,child_mortality,2023.0,6.2
DEU,child_mortality,2000.0,5.4
DEU,child_mortality,2001.0,5.2
DEU,child_mortality,2002.0,5.1
DEU,child_mortality,2003.0,5.0
DEU,child_mortality,2004.0,4.8
DEU,child_mortality,2005.0,4.7
DEU,child_mortality,2006.0,4.6
DEU,child_mortality,2007.0,4.5
DEU,child_mortality,2008.0,4.4
DEU,child_mortality,2009.0,4.3
DEU,child_mortality,2010.0,4.2
DEU,child_mortality,2011.0,4.1
DEU,child_mortality,2012.0,4.0
DEU,child_mortality,2013.0,4.0
DEU,child_mortality,2014.0,4.0
DEU,child_mortality,2015.0,3.9
DEU,child_mortality,2016.0,3.9
DEU,child_mortality,2017.0,3.8
DEU,child_mortality,2018.0,3.8
DEU,child_mortality,2019.0,3.7
DEU,child_mortality,2020.0,3.7
DEU,child_mortality,2021.0,3.7
DEU,child_mortality,2022.0,3.7
DEU,child_mortality,2023.0,3.7
FRA,child_mortality,2000.0,5.4
FRA,child_mortality,2001.0,5.2
FRA,child_mortality,2002.0,5.1
FRA,child_mortality,2003.0,4.9
FRA,child_mortality,2004.0,4.8
FRA,child_mortality,2005.0,4.6
FRA,child_mortality,2006.0,4.5
FRA,child_mortality,2007.0,4.4
FRA,child_mortality,2008.0,4.4
FRA,child_mortality,2009.0,4.3
FRA,child_mortality,2010.0,4.2
FRA,child_mortality,2011.0,4.2
FRA,child_mortality,2012.0,4.1
FRA,child_mortality,2013.0,4.1
FRA,child_mortality,2014.0,4.1
FRA,child_mortality,2015.0,4.2
FRA,child_mortality,2016.0,4.2
FRA,child_mortality,2017.0,4.2
FRA,child_mortality,2018.0,4.2
FRA,child_mortality,2019.0,4.2
FRA,child_mortality,2020.0,4.2
FRA,child_mortality,2021.0,4.3
FRA,child_mortality,2022.0,4.3
FRA,child_mortality,2023.0,4.3
GBR,child_mortality,2000.0,6.5
GBR,child_mortality,2001.0,6.4
GBR,child_mortality,2002.0,6.3
GBR,child_mortality,2003.0,6.3
GBR,child_mortality,2004.0,6.1
GBR,child_mortality,2005.0,6.0
GBR,child_mortality,2006.0,5.9
GBR,child_mortality,2007.0,5.8
GBR,child_mortality,2008.0,5.6
GBR,child_mortality,2009.0,5.4
GBR,child_mortality,2010.0,5.2
GBR,child_mortality,2011.0,5.0
GBR,child_mortality,2012.0,4.8
GBR,child_mortality,2013.0,4.6
GBR,child_mortality,2014.0,4.5
GBR,child_mortality,2015.0,4.5
GBR,child_mortality,2016.0,4.4
GBR,child_mortality,2017.0,4.4
GBR,child_mortality,2018.0,4.4
GBR,child_mortality,2019.0,4.4
GBR,child_mortality,2020.0,4.4
GBR,child_mortality,2021.0,4.4
GBR,child_mortality,2022.0,4.5
GBR,child_mortality,2023.0,4.5
IND,child_mortality,2000.0,91.6
IND,child_mortality,2001.0,88.0
IND,child_mortality,2002.0,84.5
IND,child_mortality,2003.0,81.1
IND,child_mortality,2004.0,77.7
IND,child_mortality,2005.0,74.4
IND,child_mortality,2006.0,71.1
IND,child_mortality,2007.0,67.9
IND,child_mortality,2008.0,64.6
IND,child_mortality,2009.0,61.4
IND,child_mortality,2010.0,58.2
IND,child_mortality,2011.0,55.0
IND,child_mortality,2012.0,52.0
IND,child_mortality,2013.0,49.1
IND,child_mortality,2014.0,46.3
IND,child_mortality,2015.0,43.6
IND,child_mortality,2016.0,41.1
IND,child_mortality,2017.0,38.7
IND,child_mortality,2018.0,36.4
IND,child_mortality,2019.0,34.3
IND,child_mortality,2020.0,32.4
IND,child_mortality,2021.0,30.6
IND,child_mortality,2022.0,29.1
IND,child_mortality,2023.0,27.7
ITA,child_mortality,2000.0,5.6
ITA,child_mortality,2001.0,5.3
ITA,child_mortality,2002.0,5.1
ITA,child_mortality,2003.0,4.8
ITA,child_mortality,2004.0,4.6
ITA,child_mortality,2005.0,4.5
ITA,child_mortality,2006.0,4.3
ITA,child_mortality,2007.0,4.2
ITA,child_mortality,2008.0,4.1
ITA,child_mortality,2009.0,4.1
ITA,child_mortality,2010.0,4.0
ITA,child_mortality,2011.0,3.9
ITA,child_mortality,2012.0,3.8
ITA,child_mortality,2013.0,3.7
ITA,child_mortality,2014.0,3.6
ITA,child_mortality,2015.0,3.5
ITA,child_mortality,2016.0,3.4
ITA,child_mortality,2017.0,3.3
ITA,child_mortality,2018.0,3.2
ITA,child_mortality,2019.0,3.1
ITA,child_mortality,2020.0,3.0
ITA,child_mortality,2021.0,2.9
ITA,child_mortality,2022.0,2.8
ITA,child_mortality,2023.0,2.8
JPN,child_mortality,2000.0,4.5
JPN,child_mortality,2001.0,4.3
JPN,child_mortality,2002.0,4.1
JPN,child_mortality,2003.0,4.0
JPN,child_mortality,2004.0,3.9
JPN,child_mortality,2005.0,3.7
JPN,child_mortality,2006.0,3.6
JPN,child_mortality,2007.0,3.5
JPN,child_mortality,2008.0,3.4
JPN,child_mortality,2009.0,3.4
JPN,child_mortality,2010.0,3.3
JPN,child_mortality,2011.0,3.3
JPN,child_mortality,2012.0,3.1
JPN,child_mortality,2013.0,3.0
JPN,child_mortality,2014.0,2.9
JPN,child_mortality,2015.0,2.8
JPN,child_mortality,2016.0,2.7
JPN,child_mortality,2017.0,2.6
JPN,child_mortality,2018.0,2.5
JPN,child_mortality,2019.0,2.5
JPN,child_mortality,2020.0,2.4
JPN,child_mortality,2021.0,2.4
JPN,child_mortality,2022.0,2.4
JPN,child_mortality,2023.0,2.4
NGA,child_mortality,2000.0,182.3
NGA,child_mortality,2001.0,176.8
NGA,child_mortality,2002.0,171.1
NGA,child_mortality,2003.0,165.4
NGA,child_mortality,2004.0,159.8
NGA,child_mortality,2005.0,154.5
NGA,child_mortality,2006.0,149.6
NGA,child_mortality,2007.0,145.2
NGA,child_mortality,2008.0,141.3
NGA,child_mortality,2009.0,138.0
NGA,child_mortality,2010.0,135.1
NGA,child_mortality,2011.0,132.9
NGA,child_mortality,2012.0,130.9
NGA,child_mortality,2013.0,129.3
NGA,child_mortality,2014.0,127.9
NGA,child_mortality,2015.0,126.4
NGA,child_mortality,2016.0,124.8
NGA,child_mortality,2017.0,122.8
NGA,child_mortality,2018.0,120.2
NGA,child_mortality,2019.0,117.5
NGA,child_mortality,2020.0,114.4
NGA,child_mortality,2021.0,111.3
NGA,child_mortality,2022.0,108.1
NGA,child_mortality,2023.0,104.9
USA,child_mortality,2000.0,8.4
USA,child_mortality,2001.0,8.3
USA,child_mortality,2002.0,8.2
USA,child_mortality,2003.0,8.1
USA,child_mortality,2004.0,8.1
USA,child_mortality,2005.0,8.0
USA,child_mortality,2006.0,7.9
USA,child_mortality,2007.0,7.7
USA,child_mortality,2008.0,7.6
USA,child_mortality,2009.0,7.5
USA,child_mortality,2010.0,7.3
USA,child_mortality,2011.0,7.2
USA,child_mortality,2012.0,7.0
USA,child_mortality,2013.0,6.9
USA,child_mortality,2014.0,6.8
USA,child_mortality,2015.0,6.8
USA,child_mortality,2016.0,6.7
USA,child_mortality,2017.0,6.6
USA,child_mortality,2018.0,6.5
USA,child_mortality,2019.0,6.5
USA,child_mortality,2020.0,6.5
USA,child_mortality,2021.0,6.5
USA,child_mortality,2022.0,6.5
USA,child_mortality,2023.0,6.5
BRA,gdp_per_capita_usd,2000.0,3766.54811466032
BRA,gdp_per_capita_usd,2001.0,3176.28935747524
BRA,gdp_per_capita_usd,2002.0,2855.94018885769
BRA,gdp_per_capita_usd,2003.0,3090.6070097455
BRA,gdp_per_capita_usd,2004.0,3663.823188064
BRA,gdp_per_capita_usd,2005.0,4827.78173074714
BRA,gdp_per_capita_usd,2006.0,5934.14470924968
BRA,gdp_per_capita_usd,2007.0,7409.69130673473
BRA,gdp_per_capita_usd,2008.0,8908.33176538648
BRA,gdp_per_capita_usd,2009.0,8678.6592244676
BRA,gdp_per_capita_usd,2010.0,11403.2821278747
BRA,gdp_per_capita_usd,2011.0,13396.6243562986
BRA,gdp_per_capita_usd,2012.0,12521.7213519966
BRA,gdp_per_capita_usd,2013.0,12458.8912138813
BRA,gdp_per_capita_usd,2014.0,12274.9939689363
BRA,gdp_per_capita_usd,2015.0,8936.19661712113
BRA,gdp_per_capita_usd,2016.0,8836.28652735657
BRA,gdp_per_capita_usd,2017.0,10080.5092819305
BRA,gdp_per_capita_usd,2018.0,9300.66164923219
BRA,gdp_per_capita_usd,2019.0,9029.83326681073
BRA,gdp_per_capita_usd,2020.0,7074.19378337644
BRA,gdp_per_capita_usd,2021.0,7972.5366498646
BRA,gdp_per_capita_usd,2022.0,9281.33334441234
BRA,gdp_per_capita_usd,2023.0,10377.5892792557
CHN,gdp_per_capita_usd,2000.0,969.199513696287
CHN,gdp_per_capita_usd,2001.0,1065.40597574519
CHN,gdp_per_capita_usd,2002.0,1163.55957673426
CHN,gdp_per_capita_usd,2003.0,1306.97245408557
CHN,gdp_per_capita_usd,2004.0,1530.92726215723
CHN,gdp_per_capita_usd,2005.0,1777.64496828464
CHN,gdp_per_capita_usd,2006.0,2129.25696999613
CHN,gdp_per_capita_usd,2007.0,2734.72709877693
CHN,gdp_per_capita_usd,2008.0,3523.44302065213
CHN,gdp_per_capita_usd,2009.0,3898.24459158811
CHN,gdp_per_capita_usd,2010.0,4629.24551710077
CHN,gdp_per_capita_usd,2011.0,5703.76027973346
CHN,gdp_per_capita_usd,2012.0,6405.0574241349
CHN,gdp_per_capita_usd,2013.0,7147.03518622344
CHN,gdp_per_capita_usd,2014.0,7781.06597484974
CHN,gdp_per_capita_usd,2015.0,8175.33285077393
CHN,gdp_per_capita_usd,2016.0,8254.86859320357
CHN,gdp_per_capita_usd,2017.0,8979.67652709856
CHN,gdp_per_capita_usd,2018.0,10085.6638148819
CHN,gdp_per_capita_usd,2019.0,10342.9009524335
CHN,gdp_per_capita_usd,2020.0,10627.4637989619
CHN,gdp_per_capita_usd,2021.0,12887.4357242941
CHN,gdp_per_capita_usd,2022.0,12970.6056414327
CHN,gdp_per_capita_usd,2023.0,12951.1782397043
DEU,gdp_per_capita_usd,2000.0,23925.8559901991
DEU,gdp_per_capita_usd,2001.0,23878.3641471651
DEU,gdp_per_capita_usd,2002.0,25486.5942008748
DEU,gdp_per_capita_usd,2003.0,30711.1022511331
DEU,gdp_per_capita_usd,2004.0,34566.7359143735
DEU,gdp_per_capita_usd,2005.0,35084.4363546269
DEU,gdp_per_capita_usd,2006.0,36980.3349948954
DEU,gdp_per_capita_usd,2007.0,42350.9217211489
DEU,gdp_per_capita_usd,2008.0,46386.3295924799
DEU,gdp_per_capita_usd,2009.0,42487.2137101496
DEU,gdp_per_capita_usd,2010.0,42409.9356994694
DEU,gdp_per_capita_usd,2011.0,47646.582043143
DEU,gdp_per_capita_usd,2012.0,44735.5882319701
DEU,gdp_per_capita_usd,2013.0,47220.0102098851
DEU,gdp_per_capita_usd,2014.0,48971.0824722599
DEU,gdp_per_capita_usd,2015.0,41911.0109851054
DEU,gdp_per_capita_usd,2016.0,42961.0356905775
DEU,gdp_per_capita_usd,2017.0,45526.5999576533
DEU,gdp_per_capita_usd,2018.0,48874.8595028454
DEU,gdp_per_capita_usd,2019.0,47623.8656074829
DEU,gdp_per_capita_usd,2020.0,47379.765194548
DEU,gdp_per_capita_usd,2021.0,52265.6541620571
DEU,gdp_per_capita_usd,2022.0,49686.1154582583
DEU,gdp_per_capita_usd,2023.0,53940.4073447462
FRA,gdp_per_capita_usd,2000.0,22340.5939516217
FRA,gdp_per_capita_usd,2001.0,22331.7948343036
FRA,gdp_per_capita_usd,2002.0,24144.5727019529
FRA,gdp_per_capita_usd,2003.0,29479.5222101175
FRA,gdp_per_capita_usd,2004.0,33644.9282220364
FRA,gdp_per_capita_usd,2005.0,34696.3718316971
FRA,gdp_per_capita_usd,2006.0,36431.5658906555
FRA,gdp_per_capita_usd,2007.0,41486.1907828787
FRA,gdp_per_capita_usd,2008.0,45464.8181385158
FRA,gdp_per_capita_usd,2009.0,41728.0884164132
FRA,gdp_per_capita_usd,2010.0,40694.8211697025
FRA,gdp_per_capita_usd,2011.0,43929.7840873812
FRA,gdp_per_capita_usd,2012.0,40863.5814412333
FRA,gdp_per_capita_usd,2013.0,42669.1795111893
FRA,gdp_per_capita_usd,2014.0,43148.0459288416
FRA,gdp_per_capita_usd,2015.0,36702.4323733379
FRA,gdp_per_capita_usd,2016.0,37024.2157133669
FRA,gdp_per_capita_usd,2017.0,38687.1626407164
FRA,gdp_per_capita_usd,2018.0,41418.1766484844
FRA,gdp_per_capita_usd,2019.0,40408.2848574751
FRA,gdp_per_capita_usd,2020.0,39169.8606000707
FRA,gdp_per_capita_usd,2021.0,43725.0999521245
FRA,gdp_per_capita_usd,2022.0,41082.8119320747
FRA,gdp_per_capita_usd,2023.0,44690.9345395117
GBR,gdp_per_capita_usd,2000.0,28280.926786099
GBR,gdp_per_capita_usd,2001.0,27906.5695029641
GBR,gdp_per_capita_usd,2002.0,30077.741432188
GBR,gdp_per_capita_usd,2003.0,34442.6875402308
GBR,gdp_per_capita_usd,2004.0,40366.8886650968
GBR,gdp_per_capita_usd,2005.0,42104.7884375024
GBR,gdp_per_capita_usd,2006.0,44512.4590296865
GBR,gdp_per_capita_usd,2007.0,50397.6854954706
GBR,gdp_per_capita_usd,2008.0,47396.1202078484
GBR,gdp_per_capita_usd,2009.0,38744.131693043
GBR,gdp_per_capita_usd,2010.0,39598.957119545
GBR,gdp_per_capita_usd,2011.0,42109.6418795749
GBR,gdp_per_capita_usd,2012.0,42490.1465463521
GBR,gdp_per_capita_usd,2013.0,43419.0352598932
GBR,gdp_per_capita_usd,2014.0,47426.6209829995
GBR,gdp_per_capita_usd,2015.0,44983.885522934
GBR,gdp_per_capita_usd,2016.0,40988.1044233026
GBR,gdp_per_capita_usd,2017.0,40629.2340347345
GBR,gdp_per_capita_usd,2018.0,43315.4874501318
GBR,gdp_per_capita_usd,2019.0,42794.0022648288
GBR,gdp_per_capita_usd,2020.0,40404.8062238951
GBR,gdp_per_capita_usd,2021.0,46926.475736105
GBR,gdp_per_capita_usd,2022.0,46062.9914079698
GBR,gdp_per_capita_usd,2023.0,49200.8101526146
IND,gdp_per_capita_usd,2000.0,442.750218937263
IND,gdp_per_capita_usd,2001.0,450.357900514128
IND,gdp_per_capita_usd,2002.0,469.149928973927
IND,gdp_per_capita_usd,2003.0,544.143133545002
IND,gdp_per_capita_usd,2004.0,624.258826510066
IND,gdp_per_capita_usd,2005.0,710.488080408949
IND,gdp_per_capita_usd,2006.0,801.668353659022
IND,gdp_per_capita_usd,2007.0,1021.88707706826
IND,gdp_per_capita_usd,2008.0,992.519584923828
IND,gdp_per_capita_usd,2009.0,1094.94974598436
IND,gdp_per_capita_usd,2010.0,1347.51939071367
IND,gdp_per_capita_usd,2011.0,1445.46127486037
IND,gdp_per_capita_usd,2012.0,1429.32199520032
IND,gdp_per_capita_usd,2013.0,1432.84397512195
IND,gdp_per_capita_usd,2014.0,1553.88396075118
IND,gdp_per_capita_usd,2015.0,1583.99815907985
IND,gdp_per_capita_usd,2016.0,1707.50892912243
IND,gdp_per_capita_usd,2017.0,1950.10468280866
IND,gdp_per_capita_usd,2018.0,1966.25455171679
IND,gdp_per_capita_usd,2019.0,2041.42863698585
IND,gdp_per_capita_usd,2020.0,1907.04251637669
IND,gdp_per_capita_usd,2021.0,2239.61384367482
IND,gdp_per_capita_usd,2022.0,2347.44829434623
IND,gdp_per_capita_usd,2023.0,2530.12031278204
ITA,gdp_per_capita_usd,2000.0,20190.0035636084
ITA,gdp_per_capita_usd,2001.0,20570.4385917862
ITA,gdp_per_capita_usd,2002.0,22451.3964379368
ITA,gdp_per_capita_usd,2003.0,27577.5700319855
ITA,gdp_per_capita_usd,2004.0,31348.1901841445
ITA,gdp_per_capita_usd,2005.0,32062.723833669
ITA,gdp_per_capita_usd,2006.0,33537.1286994269
ITA,gdp_per_capita_usd,2007.0,37826.1754554823
ITA,gdp_per_capita_usd,2008.0,40828.5795580937
ITA,gdp_per_capita_usd,2009.0,37099.6133958219
ITA,gdp_per_capita_usd,2010.0,35856.8625485539
ITA,gdp_per_capita_usd,2011.0,38432.3742820019
ITA,gdp_per_capita_usd,2012.0,34854.3949441965
ITA,gdp_per_capita_usd,2013.0,35701.6746002376
ITA,gdp_per_capita_usd,2014.0,36028.3494022349
ITA,gdp_per_capita_usd,2015.0,30639.8829751432
ITA,gdp_per_capita_usd,2016.0,31391.5692898108
ITA,gdp_per_capita_usd,2017.0,32844.115660604
ITA,gdp_per_capita_usd,2018.0,34904.1081923834
ITA,gdp_per_capita_usd,2019.0,33812.788724868
ITA,gdp_per_capita_usd,2020.0,32091.4866621366
ITA,gdp_per_capita_usd,2021.0,36852.5425414951
ITA,gdp_per_capita_usd,2022.0,35653.9042103495
ITA,gdp_per_capita_usd,2023.0,39065.4244365633
JPN,gdp_per_capita_usd,2000.0,39169.3595701504
JPN,gdp_per_capita_usd,2001.0,34406.1824638092
JPN,gdp_per_capita_usd,2002.0,32820.7936433254
JPN,gdp_per_capita_usd,2003.0,35387.0374203599
JPN,gdp_per_capita_usd,2004.0,38298.9801712303
JPN,gdp_per_capita_usd,2005.0,37812.8950199948
JPN,gdp_per_capita_usd,2006.0,35991.546002862
JPN,gdp_per_capita_usd,2007.0,35779.0245416427
JPN,gdp_per_capita_usd,2008.0,39876.3039685725
JPN,gdp_per_capita_usd,2009.0,41308.9968370512
JPN,gdp_per_capita_usd,2010.0,44968.1562349739
JPN,gdp_per_capita_usd,2011.0,48760.0789494211
JPN,gdp_per_capita_usd,2012.0,49145.2804308193
JPN,gdp_per_capita_usd,2013.0,40898.6478964744
JPN,gdp_per_capita_usd,2014.0,38475.3952461838
JPN,gdp_per_capita_usd,2015.0,34960.6393843385
JPN,gdp_per_capita_usd,2016.0,39375.4731620781
JPN,gdp_per_capita_usd,2017.0,38834.0529341227
JPN,gdp_per_capita_usd,2018.0,39751.1330982711
JPN,gdp_per_capita_usd,2019.0,40415.9567649547
JPN,gdp_per_capita_usd,2020.0,40028.7341726762
JPN,gdp_per_capita_usd,2021.0,40094.5599795288
JPN,gdp_per_capita_usd,2022.0,34065.6438962526
JPN,gdp_per_capita_usd,2023.0,33836.1756271617
NGA,gdp_per_capita_usd,2000.0,547.318298903379
NGA,gdp_per_capita_usd,2001.0,566.428231812933
NGA,gdp_per_capita_usd,2002.0,712.164852077686
NGA,gdp_per_capita_usd,2003.0,763.388745367223
NGA,gdp_per_capita_usd,2004.0,962.48104194733
NGA,gdp_per_capita_usd,2005.0,1211.37703504386
NGA,gdp_per_capita_usd,2006.0,1599.53891556365
NGA,gdp_per_capita_usd,2007.0,1815.52697545827
NGA,gdp_per_capita_usd,2008.0,2154.10543545364
NGA,gdp_per_capita_usd,2009.0,1820.48633854782
NGA,gdp_per_capita_usd,2010.0,2202.25672957344
NGA,gdp_per_capita_usd,2011.0,2418.41316975875
NGA,gdp_per_capita_usd,2012.0,2633.19734671361
NGA,gdp_per_capita_usd,2013.0,2872.79083379398
NGA,gdp_per_capita_usd,2014.0,3088.72131316169
NGA,gdp_per_capita_usd,2015.0,2585.73360671797
NGA,gdp_per_capita_usd,2016.0,2070.4127339595
NGA,gdp_per_capita_usd,2017.0,1876.34027111773
NGA,gdp_per_capita_usd,2018.0,2057.87944554011
NGA,gdp_per_capita_usd,2019.0,2265.15520863056
NGA,gdp_per_capita_usd,2020.0,2019.65706326224
NGA,gdp_per_capita_usd,2021.0,2017.27486481527
NGA,gdp_per_capita_usd,2022.0,2139.37478476974
NGA,gdp_per_capita_usd,2023.0,1596.63696129001
USA,gdp_per_capita_usd,2000.0,36329.9702595751
USA,gdp_per_capita_usd,2001.0,37133.6203973517
USA,gdp_per_capita_usd,2002.0,37997.7424300242
USA,gdp_per_capita_usd,2003.0,39490.3023903176
USA,gdp_per_capita_usd,2004.0,41724.6411982614
USA,gdp_per_capita_usd,2005.0,44123.3996470026
USA,gdp_per_capita_usd,2006.0,46301.9876485519
USA,gdp_per_capita_usd,2007.0,48050.227412195
USA,gdp_per_capita_usd,2008.0,48570.0594269601
USA,gdp_per_capita_usd,2009.0,47194.9500893872
USA,gdp_per_capita_usd,2010.0,48642.6312088213
USA,gdp_per_capita_usd,2011.0,50024.8812320773
USA,gdp_per_capita_usd,2012.0,51708.3940614082
USA,gdp_per_capita_usd,2013.0,53297.3862901595
USA,gdp_per_capita_usd,2014.0,55153.3940182967
USA,gdp_per_capita_usd,2015.0,56849.4697923159
USA,gdp_per_capita_usd,2016.0,57976.628204291
USA,gdp_per_capita_usd,2017.0,60047.7190728307
USA,gdp_per_capita_usd,2018.0,62875.6661382728
USA,gdp_per_capita_usd,2019.0,65227.9565911038
USA,gdp_per_capita_usd,2020.0,64401.5074354212
USA,gdp_per_capita_usd,2021.0,71307.4017277218
USA,gdp_per_capita_usd,2022.0,77860.9112908848
USA,gdp_per_capita_usd,2023.0,82304.6204272866
BRA,health_exp_pc_usd,2000.0,313.92590332
BRA,health_exp_pc_usd,2001.0,271.56121826
BRA,health_exp_pc_usd,2002.0,248.37753296
BRA,health_exp_pc_usd,2003.0,253.08970642
BRA,health_exp_pc_usd,2004.0,297.68243408
BRA,health_exp_pc_usd,2005.0,387.93121338
BRA,health_exp_pc_usd,2006.0,489.53884888
BRA,health_exp_pc_usd,2007.0,607.73022461
BRA,health_exp_pc_usd,2008.0,713.67193604
BRA,health_exp_pc_usd,2009.0,728.55639648
BRA,health_exp_pc_usd,2010.0,906.0098877
BRA,health_exp_pc_usd,2011.0,1043.3548584
BRA,health_exp_pc_usd,2012.0,968.7277832
BRA,health_exp_pc_usd,2013.0,993.79608154
BRA,health_exp_pc_usd,2014.0,1030.66271973
BRA,health_exp_pc_usd,2015.0,796.15252686
BRA,health_exp_pc_usd,2016.0,810.20037842
BRA,health_exp_pc_usd,2017.0,954.75012207
BRA,health_exp_pc_usd,2018.0,880.28430176
BRA,health_exp_pc_usd,2019.0,868.17248535
BRA,health_exp_pc_usd,2020.0,680.76843262
BRA,health_exp_pc_usd,2021.0,768.27075195
BRA,health_exp_pc_usd,2022.0,848.57122803
BRA,health_exp_pc_usd,2023.0,
CHN,health_exp_pc_usd,2000.0,42.80797577
CHN,health_exp_pc_usd,2001.0,44.36042023
CHN,health_exp_pc_usd,2002.0,49.92394638
CHN,health_exp_pc_usd,2003.0,56.54468155
CHN,health_exp_pc_usd,2004.0,64.28150177
CHN,health_exp_pc_usd,2005.0,73.00266266
CHN,health_exp_pc_usd,2006.0,82.48256683
CHN,health_exp_pc_usd,2007.0,98.5569458
CHN,health_exp_pc_usd,2008.0,133.83999634
CHN,health_exp_pc_usd,2009.0,164.87619019
CHN,health_exp_pc_usd,2010.0,188.87156677
CHN,health_exp_pc_usd,2011.0,239.19824219
CHN,health_exp_pc_usd,2012.0,284.69760132
CHN,health_exp_pc_usd,2013.0,329.08572388
CHN,health_exp_pc_usd,2014.0,362.28695679
CHN,health_exp_pc_usd,2015.0,393.09768677
CHN,health_exp_pc_usd,2016.0,398.17489624
CHN,health_exp_pc_usd,2017.0,439.94006348
CHN,health_exp_pc_usd,2018.0,504.10980225
CHN,health_exp_pc_usd,2019.0,538.99157715
CHN,health_exp_pc_usd,2020.0,582.95092773
CHN,health_exp_pc_usd,2021.0,670.25897217
CHN,health_exp_pc_usd,2022.0,672.45159912
CHN,health_exp_pc_usd,2023.0,
DEU,health_exp_pc_usd,2000.0,2344.41088867
DEU,health_exp_pc_usd,2001.0,2346.66918945
DEU,health_exp_pc_usd,2002.0,2567.50292969
DEU,health_exp_pc_usd,2003.0,3152.79418945
DEU,health_exp_pc_usd,2004.0,3459.82495117
DEU,health_exp_pc_usd,2005.0,3558.21337891
DEU,health_exp_pc_usd,2006.0,3698.04370117
DEU,health_exp_pc_usd,2007.0,4182.91601563
DEU,health_exp_pc_usd,2008.0,4669.76025391
DEU,health_exp_pc_usd,2009.0,4674.91943359
DEU,health_exp_pc_usd,2010.0,4611.421875
DEU,health_exp_pc_usd,2011.0,5037.49169922
DEU,health_exp_pc_usd,2012.0,4765.67871094
DEU,health_exp_pc_usd,2013.0,5100.15234375
DEU,health_exp_pc_usd,2014.0,5309.15478516
DEU,health_exp_pc_usd,2015.0,4627.27587891
DEU,health_exp_pc_usd,2016.0,4746.77539063
DEU,health_exp_pc_usd,2017.0,5065.43164063
DEU,health_exp_pc_usd,2018.0,5507.67675781
DEU,health_exp_pc_usd,2019.0,5488.53955078
DEU,health_exp_pc_usd,2020.0,5932.20019531
DEU,health_exp_pc_usd,2021.0,6638.20800781
DEU,health_exp_pc_usd,2022.0,6182.34375
DEU,health_exp_pc_usd,2023.0,6232.59130859
FRA,health_exp_pc_usd,2000.0,2161.85302734
FRA,health_exp_pc_usd,2001.0,2192.71557617
FRA,health_exp_pc_usd,2002.0,2449.75830078
FRA,health_exp_pc_usd,2003.0,3006.3059082
FRA,health_exp_pc_usd,2004.0,3458.62744141
FRA,health_exp_pc_usd,2005.0,3575.02514648
FRA,health_exp_pc_usd,2006.0,3811.55175781
FRA,health_exp_pc_usd,2007.0,4312.31054688
FRA,health_exp_pc_usd,2008.0,4807.37451172
FRA,health_exp_pc_usd,2009.0,4737.578125
FRA,health_exp_pc_usd,2010.0,4592.38330078
FRA,health_exp_pc_usd,2011.0,4931.87792969
FRA,health_exp_pc_usd,2012.0,4644.59570313
FRA,health_exp_pc_usd,2013.0,4884.71582031
FRA,health_exp_pc_usd,2014.0,4974.74658203
FRA,health_exp_pc_usd,2015.0,4198.72900391
FRA,health_exp_pc_usd,2016.0,4264.14599609
FRA,health_exp_pc_usd,2017.0,4416.79199219
FRA,health_exp_pc_usd,2018.0,4667.95751953
FRA,health_exp_pc_usd,2019.0,4508.76074219
FRA,health_exp_pc_usd,2020.0,4747.51367188
FRA,health_exp_pc_usd,2021.0,5376.74560547
FRA,health_exp_pc_usd,2022.0,4865.17822266
FRA,health_exp_pc_usd,2023.0,
GBR,health_exp_pc_usd,2000.0,2027.64416504
GBR,health_exp_pc_usd,2001.0,2083.99023438
GBR,health_exp_pc_usd,2002.0,2374.82177734
GBR,health_exp_pc_usd,2003.0,2789.35131836
GBR,health_exp_pc_usd,2004.0,3377.11694336
GBR,health_exp_pc_usd,2005.0,3547.28979492
GBR,health_exp_pc_usd,2006.0,3817.99072266
GBR,health_exp_pc_usd,2007.0,4431.63769531
GBR,health_exp_pc_usd,2008.0,4301.41552734
GBR,health_exp_pc_usd,2009.0,3829.68286133
GBR,health_exp_pc_usd,2010.0,3892.38012695
GBR,health_exp_pc_usd,2011.0,4140.36230469
GBR,health_exp_pc_usd,2012.0,4217.24755859
GBR,health_exp_pc_usd,2013.0,4348.28662109
GBR,health_exp_pc_usd,2014.0,4716.30224609
GBR,health_exp_pc_usd,2015.0,4440.73828125
GBR,health_exp_pc_usd,2016.0,4016.63916016
GBR,health_exp_pc_usd,2017.0,3907.82226563
GBR,health_exp_pc_usd,2018.0,4219.48632813
GBR,health_exp_pc_usd,2019.0,4258.63476563
GBR,health_exp_pc_usd,2020.0,4816.15283203
GBR,health_exp_pc_usd,2021.0,5612.04931641
GBR,health_exp_pc_usd,2022.0,5035.6171875
GBR,health_exp_pc_usd,2023.0,5366.77685547
IND,health_exp_pc_usd,2000.0,18.47883415
IND,health_exp_pc_usd,2001.0,19.74444199
IND,health_exp_pc_usd,2002.0,20.15651703
IND,health_exp_pc_usd,2003.0,21.89380074
IND,health_exp_pc_usd,2004.0,24.9240799
IND,health_exp_pc_usd,2005.0,27.49770737
IND,health_exp_pc_usd,2006.0,29.37600899
IND,health_exp_pc_usd,2007.0,35.63138962
IND,health_exp_pc_usd,2008.0,37.65440369
IND,health_exp_pc_usd,2009.0,38.05965042
IND,health_exp_pc_usd,2010.0,44.79586029
IND,health_exp_pc_usd,2011.0,48.18242264
IND,health_exp_pc_usd,2012.0,48.45263672
IND,health_exp_pc_usd,2013.0,55.46933746
IND,health_exp_pc_usd,2014.0,56.3490181
IND,health_exp_pc_usd,2015.0,58.12401581
IND,health_exp_pc_usd,2016.0,59.72652817
IND,health_exp_pc_usd,2017.0,56.66844559
IND,health_exp_pc_usd,2018.0,57.46551132
IND,health_exp_pc_usd,2019.0,60.6913681
IND,health_exp_pc_usd,2020.0,63.83099747
IND,health_exp_pc_usd,2021.0,75.54971313
IND,health_exp_pc_usd,2022.0,79.51509857
IND,health_exp_pc_usd,2023.0,
ITA,health_exp_pc_usd,2000.0,1524.23962402
ITA,health_exp_pc_usd,2001.0,1586.67272949
ITA,health_exp_pc_usd,2002.0,1762.53759766
ITA,health_exp_pc_usd,2003.0,2163.02563477
ITA,health_exp_pc_usd,2004.0,2565.62744141
ITA,health_exp_pc_usd,2005.0,2677.55224609
ITA,health_exp_pc_usd,2006.0,2832.69775391
ITA,health_exp_pc_usd,2007.0,3092.58227539
ITA,health_exp_pc_usd,2008.0,3504.11157227
ITA,health_exp_pc_usd,2009.0,3337.75073242
ITA,health_exp_pc_usd,2010.0,3217.68286133
ITA,health_exp_pc_usd,2011.0,3391.98925781
ITA,health_exp_pc_usd,2012.0,3086.30322266
ITA,health_exp_pc_usd,2013.0,3149.24267578
ITA,health_exp_pc_usd,2014.0,3154.27587891
ITA,health_exp_pc_usd,2015.0,2675.67163086
ITA,health_exp_pc_usd,2016.0,2699.73291016
ITA,health_exp_pc_usd,2017.0,2809.72143555
ITA,health_exp_pc_usd,2018.0,3002.76123047
ITA,health_exp_pc_usd,2019.0,2910.64672852
ITA,health_exp_pc_usd,2020.0,3062.09838867
ITA,health_exp_pc_usd,2021.0,3399.85766602
ITA,health_exp_pc_usd,2022.0,3134.68066406
ITA,health_exp_pc_usd,2023.0,3228.43505859
JPN,health_exp_pc_usd,2000.0,2751.38452148
JPN,health_exp_pc_usd,2001.0,2488.65185547
JPN,health_exp_pc_usd,2002.0,2412.35131836
JPN,health_exp_pc_usd,2003.0,2650.23852539
JPN,health_exp_pc_usd,2004.0,2884.67358398
JPN,health_exp_pc_usd,2005.0,2892.60473633
JPN,health_exp_pc_usd,2006.0,2763.53344727
JPN,health_exp_pc_usd,2007.0,2781.49365234
JPN,health_exp_pc_usd,2008.0,3223.29101563
JPN,health_exp_pc_usd,2009.0,3696.58422852
JPN,health_exp_pc_usd,2010.0,4071.80200195
JPN,health_exp_pc_usd,2011.0,5103.34326172
JPN,health_exp_pc_usd,2012.0,5232.36279297
JPN,health_exp_pc_usd,2013.0,4356.15527344
JPN,health_exp_pc_usd,2014.0,4121.21142578
JPN,health_exp_pc_usd,2015.0,3754.18115234
JPN,health_exp_pc_usd,2016.0,4194.22802734
JPN,health_exp_pc_usd,2017.0,4135.24316406
JPN,health_exp_pc_usd,2018.0,4265.77929688
JPN,health_exp_pc_usd,2019.0,4431.29980469
JPN,health_exp_pc_usd,2020.0,4486.63671875
JPN,health_exp_pc_usd,2021.0,4482.61816406
JPN,health_exp_pc_usd,2022.0,3889.35717773
JPN,health_exp_pc_usd,2023.0,
NGA,health_exp_pc_usd,2000.0,17.15887642
NGA,health_exp_pc_usd,2001.0,17.96053314
NGA,health_exp_pc_usd,2002.0,17.53752899
NGA,health_exp_pc_usd,2003.0,37.91439438
NGA,health_exp_pc_usd,2004.0,42.81798172
NGA,health_exp_pc_usd,2005.0,52.24337006
NGA,health_exp_pc_usd,2006.0,63.63072205
NGA,health_exp_pc_usd,2007.0,66.90659332
NGA,health_exp_pc_usd,2008.0,77.45053101
NGA,health_exp_pc_usd,2009.0,65.71811676
NGA,health_exp_pc_usd,2010.0,73.008255
NGA,health_exp_pc_usd,2011.0,80.2377243
NGA,health_exp_pc_usd,2012.0,87.89523315
NGA,health_exp_pc_usd,2013.0,97.29588318
NGA,health_exp_pc_usd,2014.0,102.39888763
NGA,health_exp_pc_usd,2015.0,92.91207123
NGA,health_exp_pc_usd,2016.0,75.52328491
NGA,health_exp_pc_usd,2017.0,70.31814575
NGA,health_exp_pc_usd,2018.0,63.60244751
NGA,health_exp_pc_usd,2019.0,67.6254425
NGA,health_exp_pc_usd,2020.0,67.91384888
NGA,health_exp_pc_usd,2021.0,81.87322235
NGA,health_exp_pc_usd,2022.0,90.92185211
NGA,health_exp_pc_usd,2023.0,
USA,health_exp_pc_usd,2000.0,4548.5546875
USA,health_exp_pc_usd,2001.0,4901.67529297
USA,health_exp_pc_usd,2002.0,5327.93701172
USA,health_exp_pc_usd,2003.0,5732.24365234
USA,health_exp_pc_usd,2004.0,6071.84423828
USA,health_exp_pc_usd,2005.0,6428.60205078
USA,health_exp_pc_usd,2006.0,6802.47509766
USA,health_exp_pc_usd,2007.0,7153.73144531
USA,health_exp_pc_usd,2008.0,7364.93847656
USA,health_exp_pc_usd,2009.0,7614.82421875
USA,health_exp_pc_usd,2010.0,7836.08837891
USA,health_exp_pc_usd,2011.0,8015.78076172
USA,health_exp_pc_usd,2012.0,8262.29101563
USA,health_exp_pc_usd,2013.0,8411.42871094
USA,health_exp_pc_usd,2014.0,8796.18261719
USA,health_exp_pc_usd,2015.0,9200.85839844
USA,health_exp_pc_usd,2016.0,9536.20605469
USA,health_exp_pc_usd,2017.0,9822.37890625
USA,health_exp_pc_usd,2018.0,10182.25585938
USA,health_exp_pc_usd,2019.0,10546.01367188
USA,health_exp_pc_usd,2020.0,11672.77050781
USA,health_exp_pc_usd,2021.0,11999.09082031
USA,health_exp_pc_usd,2022.0,12434.43359375
USA,health_exp_pc_usd,2023.0,
BRA,life_expectancy_years,2000.0,69.584
BRA,life_expectancy_years,2001.0,69.98
BRA,life_expectancy_years,2002.0,70.396
BRA,life_expectancy_years,2003.0,70.884
BRA,life_expectancy_years,2004.0,71.361
BRA,life_expectancy_years,2005.0,71.832
BRA,life_expectancy_years,2006.0,72.296
BRA,life_expectancy_years,2007.0,72.73
BRA,life_expectancy_years,2008.0,73.111
BRA,life_expectancy_years,2009.0,73.457
BRA,life_expectancy_years,2010.0,73.779
BRA,life_expectancy_years,2011.0,74.047
BRA,life_expectancy_years,2012.0,74.335
BRA,life_expectancy_years,2013.0,74.609
BRA,life_expectancy_years,2014.0,74.823
BRA,life_expectancy_years,2015.0,75.106
BRA,life_expectancy_years,2016.0,75.081
BRA,life_expectancy_years,2017.0,75.383
BRA,life_expectancy_years,2018.0,75.633
BRA,life_expectancy_years,2019.0,75.809
BRA,life_expectancy_years,2020.0,74.506
BRA,life_expectancy_years,2021.0,73.038
BRA,life_expectancy_years,2022.0,74.872
BRA,life_expectancy_years,2023.0,75.848
CHN,life_expectancy_years,2000.0,72.288
CHN,life_expectancy_years,2001.0,72.675
CHN,life_expectancy_years,2002.0,73.034
CHN,life_expectancy_years,2003.0,73.385
CHN,life_expectancy_years,2004.0,73.727
CHN,life_expectancy_years,2005.0,74.085
CHN,life_expectancy_years,2006.0,74.404
CHN,life_expectancy_years,2007.0,74.789
CHN,life_expectancy_years,2008.0,74.833
CHN,life_expectancy_years,2009.0,75.317
CHN,life_expectancy_years,2010.0,75.668
CHN,life_expectancy_years,2011.0,75.889
CHN,life_expectancy_years,2012.0,76.2
CHN,life_expectancy_years,2013.0,76.452
CHN,life_expectancy_years,2014.0,76.714
CHN,life_expectancy_years,2015.0,76.975
CHN,life_expectancy_years,2016.0,77.214
CHN,life_expectancy_years,2017.0,77.235
CHN,life_expectancy_years,2018.0,77.709
CHN,life_expectancy_years,2019.0,77.94
CHN,life_expectancy_years,2020.0,78.019
CHN,life_expectancy_years,2021.0,78.117
CHN,life_expectancy_years,2022.0,78.202
CHN,life_expectancy_years,2023.0,77.953
DEU,life_expectancy_years,2000.0,77.9268292682927
DEU,life_expectancy_years,2001.0,78.3292682926829
DEU,life_expectancy_years,2002.0,78.2292682926829
DEU,life_expectancy_years,2003.0,78.3804878048781
DEU,life_expectancy_years,2004.0,78.6804878048781
DEU,life_expectancy_years,2005.0,78.9317073170732
DEU,life_expectancy_years,2006.0,79.1317073170732
DEU,life_expectancy_years,2007.0,79.5341463414634
DEU,life_expectancy_years,2008.0,79.7365853658537
DEU,life_expectancy_years,2009.0,79.8365853658537
DEU,life_expectancy_years,2010.0,79.9878048780488
DEU,life_expectancy_years,2011.0,80.4365853658537
DEU,life_expectancy_years,2012.0,80.5390243902439
DEU,life_expectancy_years,2013.0,80.490243902439
DEU,life_expectancy_years,2014.0,81.090243902439
DEU,life_expectancy_years,2015.0,80.6414634146341
DEU,life_expectancy_years,2016.0,80.990243902439
DEU,life_expectancy_years,2017.0,80.9926829268293
DEU,life_expectancy_years,2018.0,80.8926829268293
DEU,life_expectancy_years,2019.0,81.2926829268293
DEU,life_expectancy_years,2020.0,81.0414634146342
DEU,life_expectancy_years,2021.0,80.790243902439
DEU,life_expectancy_years,2022.0,80.6080487804878
DEU,life_expectancy_years,2023.0,80.5414634146342
FRA,life_expectancy_years,2000.0,79.0560975609756
FRA,life_expectancy_years,2001.0,79.1585365853659
FRA,life_expectancy_years,2002.0,79.2609756097561
FRA,life_expectancy_years,2003.0,79.1146341463415
FRA,life_expectancy_years,2004.0,80.1634146341463
FRA,life_expectancy_years,2005.0,80.1634146341463
FRA,life_expectancy_years,2006.0,80.8121951219512
FRA,life_expectancy_years,2007.0,81.1121951219512
FRA,life_expectancy_years,2008.0,81.2146341463415
FRA,life_expectancy_years,2009.0,81.4146341463415
FRA,life_expectancy_years,2010.0,81.6634146341463
FRA,life_expectancy_years,2011.0,82.1146341463415
FRA,life_expectancy_years,2012.0,81.9682926829268
FRA,life_expectancy_years,2013.0,82.219512195122
FRA,life_expectancy_years,2014.0,82.719512195122
FRA,life_expectancy_years,2015.0,82.3219512195122
FRA,life_expectancy_years,2016.0,82.5731707317073
FRA,life_expectancy_years,2017.0,82.5756097560976
FRA,life_expectancy_years,2018.0,82.6756097560976
FRA,life_expectancy_years,2019.0,82.8268292682927
FRA,life_expectancy_years,2020.0,82.1756097560976
FRA,life_expectancy_years,2021.0,82.3243902439024
FRA,life_expectancy_years,2022.0,82.1292682926829
FRA,life_expectancy_years,2023.0,82.9292682926829
GBR,life_expectancy_years,2000.0,77.7414634146342
GBR,life_expectancy_years,2001.0,77.9926829268293
GBR,life_expectancy_years,2002.0,78.1439024390244
GBR,life_expectancy_years,2003.0,78.4463414634146
GBR,life_expectancy_years,2004.0,78.7463414634146
GBR,life_expectancy_years,2005.0,79.0487804878049
GBR,life_expectancy_years,2006.0,79.2487804878049
GBR,life_expectancy_years,2007.0,79.4487804878049
GBR,life_expectancy_years,2008.0,79.6
GBR,life_expectancy_years,2009.0,80.0512195121951
GBR,life_expectancy_years,2010.0,80.4024390243902
GBR,life_expectancy_years,2011.0,80.9512195121951
GBR,life_expectancy_years,2012.0,80.9048780487805
GBR,life_expectancy_years,2013.0,81.0048780487805
GBR,life_expectancy_years,2014.0,81.3048780487805
GBR,life_expectancy_years,2015.0,80.9560975609756
GBR,life_expectancy_years,2016.0,81.1560975609756
GBR,life_expectancy_years,2017.0,81.2560975609756
GBR,life_expectancy_years,2018.0,81.2560975609756
GBR,life_expectancy_years,2019.0,81.3691219512195
GBR,life_expectancy_years,2020.0,80.331756097561
GBR,life_expectancy_years,2021.0,80.6473170731707
GBR,life_expectancy_years,2022.0,81.0112195121951
GBR,life_expectancy_years,2023.0,81.2380975609756
IND,life_expectancy_years,2000.0,62.749
IND,life_expectancy_years,2001.0,63.158
IND,life_expectancy_years,2002.0,63.649
IND,life_expectancy_years,2003.0,64.086
IND,life_expectancy_years,2004.0,64.484
IND,life_expectancy_years,2005.0,64.939
IND,life_expectancy_years,2006.0,65.373
IND,life_expectancy_years,2007.0,65.803
IND,life_expectancy_years,2008.0,66.247
IND,life_expectancy_years,2009.0,66.7
IND,life_expectancy_years,2010.0,67.162
IND,life_expectancy_years,2011.0,67.623
IND,life_expectancy_years,2012.0,68.076
IND,life_expectancy_years,2013.0,68.499
IND,life_expectancy_years,2014.0,68.932
IND,life_expectancy_years,2015.0,69.326
IND,life_expectancy_years,2016.0,69.709
IND,life_expectancy_years,2017.0,70.068
IND,life_expectancy_years,2018.0,70.415
IND,life_expectancy_years,2019.0,70.746
IND,life_expectancy_years,2020.0,70.156
IND,life_expectancy_years,2021.0,67.282
IND,life_expectancy_years,2022.0,71.698
IND,life_expectancy_years,2023.0,72.003
ITA,life_expectancy_years,2000.0,79.7780487804878
ITA,life_expectancy_years,2001.0,80.1268292682927
ITA,life_expectancy_years,2002.0,80.2292682926829
ITA,life_expectancy_years,2003.0,79.9829268292683
ITA,life_expectancy_years,2004.0,80.7804878048781
ITA,life_expectancy_years,2005.0,80.7829268292683
ITA,life_expectancy_years,2006.0,81.2829268292683
ITA,life_expectancy_years,2007.0,81.4341463414634
ITA,life_expectancy_years,2008.0,81.4853658536585
ITA,life_expectancy_years,2009.0,81.6365853658537
ITA,life_expectancy_years,2010.0,82.0365853658537
ITA,life_expectancy_years,2011.0,82.1878048780488
ITA,life_expectancy_years,2012.0,82.2390243902439
ITA,life_expectancy_years,2013.0,82.690243902439
ITA,life_expectancy_years,2014.0,83.090243902439
ITA,life_expectancy_years,2015.0,82.5439024390244
ITA,life_expectancy_years,2016.0,83.2439024390244
ITA,life_expectancy_years,2017.0,82.9463414634147
ITA,life_expectancy_years,2018.0,83.3463414634146
ITA,life_expectancy_years,2019.0,83.4975609756098
ITA,life_expectancy_years,2020.0,82.1951219512195
ITA,life_expectancy_years,2021.0,82.6463414634146
ITA,life_expectancy_years,2022.0,82.7
ITA,life_expectancy_years,2023.0,83.7
JPN,life_expectancy_years,2000.0,81.0760975609756
JPN,life_expectancy_years,2001.0,81.4163414634146
JPN,life_expectancy_years,2002.0,81.6907317073171
JPN,life_expectancy_years,2003.0,81.76
JPN,life_expectancy_years,2004.0,82.030243902439
JPN,life_expectancy_years,2005.0,81.9551219512195
JPN,life_expectancy_years,2006.0,82.3219512195122
JPN,life_expectancy_years,2007.0,82.5070731707317
JPN,life_expectancy_years,2008.0,82.5875609756098
JPN,life_expectancy_years,2009.0,82.9314634146342
JPN,life_expectancy_years,2010.0,82.8426829268293
JPN,life_expectancy_years,2011.0,82.5912195121951
JPN,life_expectancy_years,2012.0,83.0960975609756
JPN,life_expectancy_years,2013.0,83.3319512195122
JPN,life_expectancy_years,2014.0,83.5878048780488
JPN,life_expectancy_years,2015.0,83.7939024390244
JPN,life_expectancy_years,2016.0,83.9848780487805
JPN,life_expectancy_years,2017.0,84.099756097561
JPN,life_expectancy_years,2018.0,84.2109756097561
JPN,life_expectancy_years,2019.0,84.3563414634146
JPN,life_expectancy_years,2020.0,84.56
JPN,life_expectancy_years,2021.0,84.4456097560976
JPN,life_expectancy_years,2022.0,83.9963414634146
JPN,life_expectancy_years,2023.0,84.0412195121951
NGA,life_expectancy_years,2000.0,47.143
NGA,life_expectancy_years,2001.0,47.549
NGA,life_expectancy_years,2002.0,48.02
NGA,life_expectancy_years,2003.0,48.618
NGA,life_expectancy_years,2004.0,49.148
NGA,life_expectancy_years,2005.0,49.538
NGA,life_expectancy_years,2006.0,49.876
NGA,life_expectancy_years,2007.0,50.381
NGA,life_expectancy_years,2008.0,50.748
NGA,life_expectancy_years,2009.0,51.08
NGA,life_expectancy_years,2010.0,51.315
NGA,life_expectancy_years,2011.0,51.49
NGA,life_expectancy_years,2012.0,51.688
NGA,life_expectancy_years,2013.0,51.827
NGA,life_expectancy_years,2014.0,51.94
NGA,life_expectancy_years,2015.0,51.939
NGA,life_expectancy_years,2016.0,52.189
NGA,life_expectancy_years,2017.0,52.397
NGA,life_expectancy_years,2018.0,52.669
NGA,life_expectancy_years,2019.0,53.009
NGA,life_expectancy_years,2020.0,53.072
NGA,life_expectancy_years,2021.0,53.455
NGA,life_expectancy_years,2022.0,54.079
NGA,life_expectancy_years,2023.0,54.462
USA,life_expectancy_years,2000.0,76.6365853658537
USA,life_expectancy_years,2001.0,76.8365853658537
USA,life_expectancy_years,2002.0,76.9365853658537
USA,life_expectancy_years,2003.0,77.0365853658537
USA,life_expectancy_years,2004.0,77.4878048780488
USA,life_expectancy_years,2005.0,77.4878048780488
USA,life_expectancy_years,2006.0,77.6878048780488
USA,life_expectancy_years,2007.0,77.9878048780488
USA,life_expectancy_years,2008.0,78.0390243902439
USA,life_expectancy_years,2009.0,78.390243902439
USA,life_expectancy_years,2010.0,78.5414634146342
USA,life_expectancy_years,2011.0,78.6414634146341
USA,life_expectancy_years,2012.0,78.7414634146342
USA,life_expectancy_years,2013.0,78.7414634146342
USA,life_expectancy_years,2014.0,78.8414634146341
USA,life_expectancy_years,2015.0,78.690243902439
USA,life_expectancy_years,2016.0,78.5390243902439
USA,life_expectancy_years,2017.0,78.5390243902439
USA,life_expectancy_years,2018.0,78.6390243902439
USA,life_expectancy_years,2019.0,78.7878048780488
USA,life_expectancy_years,2020.0,76.9804878048781
USA,life_expectancy_years,2021.0,76.3292682926829
USA,life_expectancy_years,2022.0,77.4341463414634
USA,life_expectancy_years,2023.0,78.3853658536585
BRA,urban_population_pct,2000.0,81.192
BRA,urban_population_pct,2001.0,81.553
BRA,urban_population_pct,2002.0,81.88
BRA,urban_population_pct,2003.0,82.203
BRA,urban_population_pct,2004.0,82.521
BRA,urban_population_pct,2005.0,82.834
BRA,urban_population_pct,2006.0,83.143
BRA,urban_population_pct,2007.0,83.448
BRA,urban_population_pct,2008.0,83.749
BRA,urban_population_pct,2009.0,84.044
BRA,urban_population_pct,2010.0,84.335
BRA,urban_population_pct,2011.0,84.631
BRA,urban_population_pct,2012.0,84.923
BRA,urban_population_pct,2013.0,85.209
BRA,urban_population_pct,2014.0,85.492
BRA,urban_population_pct,2015.0,85.77
BRA,urban_population_pct,2016.0,86.042
BRA,urban_population_pct,2017.0,86.309
BRA,urban_population_pct,2018.0,86.569
BRA,urban_population_pct,2019.0,86.824
BRA,urban_population_pct,2020.0,87.073
BRA,urban_population_pct,2021.0,87.317
BRA,urban_population_pct,2022.0,87.555
BRA,urban_population_pct,2023.0,87.788
CHN,urban_population_pct,2000.0,35.877
CHN,urban_population_pct,2001.0,37.093
CHN,urban_population_pct,2002.0,38.425
CHN,urban_population_pct,2003.0,39.776
CHN,urban_population_pct,2004.0,41.144
CHN,urban_population_pct,2005.0,42.522
CHN,urban_population_pct,2006.0,43.868
CHN,urban_population_pct,2007.0,45.199
CHN,urban_population_pct,2008.0,46.539
CHN,urban_population_pct,2009.0,47.88
CHN,urban_population_pct,2010.0,49.226
CHN,urban_population_pct,2011.0,50.511
CHN,urban_population_pct,2012.0,51.765
CHN,urban_population_pct,2013.0,53.013
CHN,urban_population_pct,2014.0,54.259
CHN,urban_population_pct,2015.0,55.5
CHN,urban_population_pct,2016.0,56.736
CHN,urban_population_pct,2017.0,57.96
CHN,urban_population_pct,2018.0,59.152
CHN,urban_population_pct,2019.0,60.308
CHN,urban_population_pct,2020.0,61.428
CHN,urban_population_pct,2021.0,62.512
CHN,urban_population_pct,2022.0,63.56
CHN,urban_population_pct,2023.0,64.57
DEU,urban_population_pct,2000.0,74.965
DEU,urban_population_pct,2001.0,75.17
DEU,urban_population_pct,2002.0,75.374
DEU,urban_population_pct,2003.0,75.577
DEU,urban_population_pct,2004.0,75.779
DEU,urban_population_pct,2005.0,75.98
DEU,urban_population_pct,2006.0,76.179
DEU,urban_population_pct,2007.0,76.378
DEU,urban_population_pct,2008.0,76.575
DEU,urban_population_pct,2009.0,76.771
DEU,urban_population_pct,2010.0,76.966
DEU,urban_population_pct,2011.0,77.16
DEU,urban_population_pct,2012.0,77.17
DEU,urban_population_pct,2013.0,77.18
DEU,urban_population_pct,2014.0,77.19
DEU,urban_population_pct,2015.0,77.2
DEU,urban_population_pct,2016.0,77.224
DEU,urban_population_pct,2017.0,77.261
DEU,urban_population_pct,2018.0,77.312
DEU,urban_population_pct,2019.0,77.376
DEU,urban_population_pct,2020.0,77.453
DEU,urban_population_pct,2021.0,77.544
DEU,urban_population_pct,2022.0,77.648
DEU,urban_population_pct,2023.0,77.765
FRA,urban_population_pct,2000.0,75.871
FRA,urban_population_pct,2001.0,76.127
FRA,urban_population_pct,2002.0,76.38
FRA,urban_population_pct,2003.0,76.632
FRA,urban_population_pct,2004.0,76.883
FRA,urban_population_pct,2005.0,77.13
FRA,urban_population_pct,2006.0,77.377
FRA,urban_population_pct,2007.0,77.621
FRA,urban_population_pct,2008.0,77.868
FRA,urban_population_pct,2009.0,78.117
FRA,urban_population_pct,2010.0,78.369
FRA,urban_population_pct,2011.0,78.622
FRA,urban_population_pct,2012.0,78.878
FRA,urban_population_pct,2013.0,79.135
FRA,urban_population_pct,2014.0,79.394
FRA,urban_population_pct,2015.0,79.655
FRA,urban_population_pct,2016.0,79.917
FRA,urban_population_pct,2017.0,80.18
FRA,urban_population_pct,2018.0,80.444
FRA,urban_population_pct,2019.0,80.709
FRA,urban_population_pct,2020.0,80.975
FRA,urban_population_pct,2021.0,81.242
FRA,urban_population_pct,2022.0,81.509
FRA,urban_population_pct,2023.0,81.777
GBR,urban_population_pct,2000.0,78.651
GBR,urban_population_pct,2001.0,78.751
GBR,urban_population_pct,2002.0,79.047
GBR,urban_population_pct,2003.0,79.339
GBR,urban_population_pct,2004.0,79.629
GBR,urban_population_pct,2005.0,79.915
GBR,urban_population_pct,2006.0,80.199
GBR,urban_population_pct,2007.0,80.479
GBR,urban_population_pct,2008.0,80.757
GBR,urban_population_pct,2009.0,81.031
GBR,urban_population_pct,2010.0,81.302
GBR,urban_population_pct,2011.0,81.57
GBR,urban_population_pct,2012.0,81.837
GBR,urban_population_pct,2013.0,82.102
GBR,urban_population_pct,2014.0,82.365
GBR,urban_population_pct,2015.0,82.626
GBR,urban_population_pct,2016.0,82.886
GBR,urban_population_pct,2017.0,83.143
GBR,urban_population_pct,2018.0,83.398
GBR,urban_population_pct,2019.0,83.652
GBR,urban_population_pct,2020.0,83.903
GBR,urban_population_pct,2021.0,84.152
GBR,urban_population_pct,2022.0,84.398
GBR,urban_population_pct,2023.0,84.642
IND,urban_population_pct,2000.0,27.667
IND,urban_population_pct,2001.0,27.918
IND,urban_population_pct,2002.0,28.244
IND,urban_population_pct,2003.0,28.572
IND,urban_population_pct,2004.0,28.903
IND,urban_population_pct,2005.0,29.235
IND,urban_population_pct,2006.0,29.569
IND,urban_population_pct,2007.0,29.906
IND,urban_population_pct,2008.0,30.246
IND,urban_population_pct,2009.0,30.587
IND,urban_population_pct,2010.0,30.93
IND,urban_population_pct,2011.0,31.276
IND,urban_population_pct,2012.0,31.634
IND,urban_population_pct,2013.0,32.003
IND,urban_population_pct,2014.0,32.384
IND,urban_population_pct,2015.0,32.777
IND,urban_population_pct,2016.0,33.182
IND,urban_population_pct,2017.0,33.6
IND,urban_population_pct,2018.0,34.03
IND,urban_population_pct,2019.0,34.472
IND,urban_population_pct,2020.0,34.926
IND,urban_population_pct,2021.0,35.393
IND,urban_population_pct,2022.0,35.872
IND,urban_population_pct,2023.0,36.364
ITA,urban_population_pct,2000.0,67.222
ITA,urban_population_pct,2001.0,67.282
ITA,urban_population_pct,2002.0,67.382
ITA,urban_population_pct,2003.0,67.501
ITA,urban_population_pct,2004.0,67.62
ITA,urban_population_pct,2005.0,67.738
ITA,urban_population_pct,2006.0,67.856
ITA,urban_population_pct,2007.0,67.974
ITA,urban_population_pct,2008.0,68.092
ITA,urban_population_pct,2009.0,68.209
ITA,urban_population_pct,2010.0,68.327
ITA,urban_population_pct,2011.0,68.444
ITA,urban_population_pct,2012.0,68.684
ITA,urban_population_pct,2013.0,68.979
ITA,urban_population_pct,2014.0,69.272
ITA,urban_population_pct,2015.0,69.565
ITA,urban_population_pct,2016.0,69.855
ITA,urban_population_pct,2017.0,70.144
ITA,urban_population_pct,2018.0,70.438
ITA,urban_population_pct,2019.0,70.736
ITA,urban_population_pct,2020.0,71.039
ITA,urban_population_pct,2021.0,71.346
ITA,urban_population_pct,2022.0,71.657
ITA,urban_population_pct,2023.0,71.973
JPN,urban_population_pct,2000.0,78.649
JPN,urban_population_pct,2001.0,79.99
JPN,urban_population_pct,2002.0,81.647
JPN,urban_population_pct,2003.0,83.196
JPN,urban_population_pct,2004.0,84.64
JPN,urban_population_pct,2005.0,85.978
JPN,urban_population_pct,2006.0,87.118
JPN,urban_population_pct,2007.0,88.146
JPN,urban_population_pct,2008.0,89.103
JPN,urban_population_pct,2009.0,89.989
JPN,urban_population_pct,2010.0,90.812
JPN,urban_population_pct,2011.0,91.069
JPN,urban_population_pct,2012.0,91.148
JPN,urban_population_pct,2013.0,91.226
JPN,urban_population_pct,2014.0,91.304
JPN,urban_population_pct,2015.0,91.381
JPN,urban_population_pct,2016.0,91.457
JPN,urban_population_pct,2017.0,91.535
JPN,urban_population_pct,2018.0,91.616
JPN,urban_population_pct,2019.0,91.698
JPN,urban_population_pct,2020.0,91.782
JPN,urban_population_pct,2021.0,91.867
JPN,urban_population_pct,2022.0,91.955
JPN,urban_population_pct,2023.0,92.043
NGA,urban_population_pct,2000.0,34.84
NGA,urban_population_pct,2001.0,35.669
NGA,urban_population_pct,2002.0,36.508
NGA,urban_population_pct,2003.0,37.356
NGA,urban_population_pct,2004.0,38.212
NGA,urban_population_pct,2005.0,39.074
NGA,urban_population_pct,2006.0,39.943
NGA,urban_population_pct,2007.0,40.819
NGA,urban_population_pct,2008.0,41.702
NGA,urban_population_pct,2009.0,42.588
NGA,urban_population_pct,2010.0,43.48
NGA,urban_population_pct,2011.0,44.366
NGA,urban_population_pct,2012.0,45.246
NGA,urban_population_pct,2013.0,46.118
NGA,urban_population_pct,2014.0,46.982
NGA,urban_population_pct,2015.0,47.838
NGA,urban_population_pct,2016.0,48.683
NGA,urban_population_pct,2017.0,49.519
NGA,urban_population_pct,2018.0,50.344
NGA,urban_population_pct,2019.0,51.157
NGA,urban_population_pct,2020.0,51.958
NGA,urban_population_pct,2021.0,52.746
NGA,urban_population_pct,2022.0,53.521
NGA,urban_population_pct,2023.0,54.283
USA,urban_population_pct,2000.0,79.057
USA,urban_population_pct,2001.0,79.234
USA,urban_population_pct,2002.0,79.409
USA,urban_population_pct,2003.0,79.583
USA,urban_population_pct,2004.0,79.757
USA,urban_population_pct,2005.0,79.928
USA,urban_population_pct,2006.0,80.099
USA,urban_population_pct,2007.0,80.269
USA,urban_population_pct,2008.0,80.438
USA,urban_population_pct,2009.0,80.606
USA,urban_population_pct,2010.0,80.772
USA,urban_population_pct,2011.0,80.944
USA,urban_population_pct,2012.0,81.119
USA,urban_population_pct,2013.0,81.299
USA,urban_population_pct,2014.0,81.483
USA,urban_population_pct,2015.0,81.671
USA,urban_population_pct,2016.0,81.862
USA,urban_population_pct,2017.0,82.058
USA,urban_population_pct,2018.0,82.256
USA,urban_population_pct,2019.0,82.459
USA,urban_population_pct,2020.0,82.664
USA,urban_population_pct,2021.0,82.873
USA,urban_population_pct,2022.0,83.084
USA,urban_population_pct,2023.0,83.298
