year,indicator,BRA,CHN,DEU,FRA,GBR,IND,ITA,JPN,NGA,USA
2000.0,child_mortality,34.5,36.7,5.4,5.4,6.5,91.6,5.6,4.5,182.3,8.4
2000.0,gdp_per_capita_usd,3766.54811466032,969.199513696287,23925.8559901991,22340.5939516217,28280.926786099,442.750218937263,20190.0035636084,39169.3595701504,547.318298903379,36329.9702595751
2000.0,health_exp_pc_usd,313.92590332,42.80797577,2344.41088867,2161.85302734,2027.64416504,18.47883415,1524.23962402,2751.38452148,17.15887642,4548.5546875
2000.0,life_expectancy_years,69.584,72.288,77.9268292682927,79.0560975609756,77.7414634146342,62.749,79.7780487804878,81.0760975609756,47.143,76.6365853658537
2000.0,urban_population_pct,81.192,35.877,74.965,75.871,78.651,27.667,67.222,78.649,34.84,79.057
2001.0,child_mortality,32.2,34.2,5.2,5.2,6.4,88.0,5.3,4.3,176.8,8.3
2001.0,gdp_per_capita_usd,3176.28935747524,1065.40597574519,23878.3641471651,22331.7948343036,27906.5695029641,450.357900514128,20570.4385917862,34406.1824638092,566.428231812933,37133.6203973517
2001.0,health_exp_pc_usd,271.56121826,44.36042023,2346.66918945,2192.71557617,2083.99023438,19.74444199,1586.67272949,2488.65185547,17.96053314,4901.67529297
2001.0,life_expectancy_years,69.98,72.675,78.3292682926829,79.1585365853659,77.9926829268293,63.158,80.1268292682927,81.4163414634146,47.549,76.8365853658537
2001.0,urban_population_pct,81.553,37.093,75.17,76.127,78.751,27.918,67.282,79.99,35.669,79.234
2002.0,child_mortality,30.1,31.5,5.1,5.1,6.3,84.5,5.1,4.1,171.1,8.2
2002.0,gdp_per_capita_usd,2855.94018885769,1163.55957673426,25486.5942008748,24144.5727019529,30077.741432188,469.149928973927,22451.3964379368,32820.7936433254,712.164852077686,37997.7424300242
2002.0,health_exp_pc_usd,248.37753296,49.92394638,2567.50292969,2449.75830078,2374.82177734,20.15651703,1762.53759766,2412.35131836,17.53752899,5327.93701172
2002.0,life_expectancy_years,70.396,73.034,78.2292682926829,79.2609756097561,78.1439024390244,63.649,80.2292682926829,81.6907317073171,48.02,76.9365853658537
2002.0,urban_population_pct,81.88,38.425,75.374,76.38,79.047,28.244,67.382,81.647,36.508,79.409
2003.0,child_mortality,28.1,28.9,5.0,4.9,6.3,81.1,4.8,4.0,165.4,8.1
2003.0,gdp_per_capita_usd,3090.6070097455,1306.97245408557,30711.1022511331,29479.5222101175,34442.6875402308,544.143133545002,27577.5700319855,35387.0374203599,763.388745367223,39490.3023903176
2003.0,health_exp_pc_usd,253.08970642,56.54468155,3152.79418945,3006.3059082,2789.35131836,21.89380074,2163.02563477,2650.23852539,37.91439438,5732.24365234
2003.0,life_expectancy_years,70.884,73.385,78.3804878048781,79.1146341463415,78.4463414634146,64.086,79.9829268292683,81.76,48.618,77.0365853658537
2003.0,urban_population_pct,82.203,39.776,75.577,76.632,79.339,28.572,67.501,83.196,37.356,79.583
2004.0,child_mortality,26.3,26.4,4.8,4.8,6.1,77.7,4.6,3.9,159.8,8.1
2004.0,gdp_per_capita_usd,3663.823188064,1530.92726215723,34566.7359143735,33644.9282220364,40366.8886650968,624.258826510066,31348.1901841445,38298.9801712303,962.48104194733,41724.6411982614
2004.0,health_exp_pc_usd,297.68243408,64.28150177,3459.82495117,3458.62744141,3377.11694336,24.9240799,2565.62744141,2884.67358398,42.81798172,6071.84423828
2004.0,life_expectancy_years,71.361,73.727,78.6804878048781,80.1634146341463,78.7463414634146,64.484,80.7804878048781,82.030243902439,49.148,77.4878048780488
2004.0,urban_population_pct,82.521,41.144,75.779,76.883,79.629,28.903,67.62,84.64,38.212,79.757
2005.0,child_mortality,24.6,24.0,4.7,4.6,6.0,74.4,4.5,3.7,154.5,8.0
2005.0,gdp_per_capita_usd,4827.78173074714,1777.64496828464,35084.4363546269,34696.3718316971,42104.7884375024,710.488080408949,32062.723833669,37812.8950199948,1211.37703504386,44123.3996470026
2005.0,health_exp_pc_usd,387.93121338,73.00266266,3558.21337891,3575.02514648,3547.28979492,27.49770737,2677.55224609,2892.60473633,52.24337006,6428.60205078
2005.0,life_expectancy_years,71.832,74.085,78.9317073170732,80.1634146341463,79.0487804878049,64.939,80.7829268292683,81.9551219512195,49.538,77.4878048780488
2005.0,urban_population_pct,82.834,42.522,75.98,77.13,79.915,29.235,67.738,85.978,39.074,79.928
2006.0,child_mortality,23.1,21.9,4.6,4.5,5.9,71.1,4.3,3.6,149.6,7.9
2006.0,gdp_per_capita_usd,5934.14470924968,2129.25696999613,36980.3349948954,36431.5658906555,44512.4590296865,801.668353659022,33537.1286994269,35991.546002862,1599.53891556365,46301.9876485519
2006.0,health_exp_pc_usd,489.53884888,82.48256683,3698.04370117,3811.55175781,3817.99072266,29.37600899,2832.69775391,2763.53344727,63.63072205,6802.47509766
2006.0,life_expectancy_years,72.296,74.404,79.1317073170732,80.8121951219512,79.2487804878049,65.373,81.2829268292683,82.3219512195122,49.876,77.6878048780488
2006.0,urban_population_pct,83.143,43.868,76.179,77.377,80.199,29.569,67.856,87.118,39.943,80.099
2007.0,child_mortality,21.7,20.1,4.5,4.4,5.8,67.9,4.2,3.5,145.2,7.7
2007.0,gdp_per_capita_usd,7409.69130673473,2734.72709877693,42350.9217211489,41486.1907828787,50397.6854954706,1021.88707706826,37826.1754554823,35779.0245416427,1815.52697545827,48050.227412195
2007.0,health_exp_pc_usd,607.73022461,98.5569458,4182.91601563,4312.31054688,4431.63769531,35.63138962,3092.58227539,2781.49365234,66.90659332,7153.73144531
2007.0,life_expectancy_years,72.73,74.789,79.5341463414634,81.1121951219512,79.4487804878049,65.803,81.4341463414634,82.5070731707317,50.381,77.9878048780488
2007.0,urban_population_pct,83.448,45.199,76.378,77.621,80.479,29.906,67.974,88.146,40.819,80.269
2008.0,child_mortality,20.5,18.5,4.4,4.4,5.6,64.6,4.1,3.4,141.3,7.6
2008.0,gdp_per_capita_usd,8908.33176538648,3523.44302065213,46386.3295924799,45464.8181385158,47396.1202078484,992.519584923828,40828.5795580937,39876.3039685725,2154.10543545364,48570.0594269601
2008.0,health_exp_pc_usd,713.67193604,133.83999634,4669.76025391,4807.37451172,4301.41552734,37.65440369,3504.11157227,3223.29101563,77.45053101,7364.93847656
2008.0,life_expectancy_years,73.111,74.833,79.7365853658537,81.2146341463415,79.6,66.247,81.4853658536585,82.5875609756098,50.748,78.0390243902439
2008.0,urban_population_pct,83.749,46.539,76.575,77.868,80.757,30.246,68.092,89.103,41.702,80.438
2009.0,child_mortality,19.5,17.1,4.3,4.3,5.4,61.4,4.1,3.4,138.0,7.5
2009.0,gdp_per_capita_usd,8678.6592244676,3898.24459158811,42487.2137101496,41728.0884164132,38744.131693043,1094.94974598436,37099.6133958219,41308.9968370512,1820.48633854782,47194.9500893872
2009.0,health_exp_pc_usd,728.55639648,164.87619019,4674.91943359,4737.578125,3829.68286133,38.05965042,3337.75073242,3696.58422852,65.71811676,7614.82421875
2009.0,life_expectancy_years,73.457,75.317,79.8365853658537,81.4146341463415,80.0512195121951,66.7,81.6365853658537,82.9314634146342,51.08,78.390243902439
2009.0,urban_population_pct,84.044,47.88,76.771,78.117,81.031,30.587,68.209,89.989,42.588,80.606
2010.0,child_mortality,18.6,15.8,4.2,4.2,5.2,58.2,4.0,3.3,135.1,7.3
2010.0,gdp_per_capita_usd,11403.2821278747,4629.24551710077,42409.9356994694,40694.8211697025,39598.957119545,1347.51939071367,35856.8625485539,44968.1562349739,2202.25672957344,48642.6312088213
2010.0,health_exp_pc_usd,906.0098877,188.87156677,4611.421875,4592.38330078,3892.38012695,44.79586029,3217.68286133,4071.80200195,73.008255,7836.08837891
2010.0,life_expectancy_years,73.779,75.668,79.9878048780488,81.6634146341463,80.4024390243902,67.162,82.0365853658537,82.8426829268293,51.315,78.5414634146342
2010.0,urban_population_pct,84.335,49.226,76.966,78.369,81.302,30.93,68.327,90.812,43.48,80.772
2011.0,child_mortality,17.9,14.6,4.1,4.2,5.0,55.0,3.9,3.3,132.9,7.2
2011.0,gdp_per_capita_usd,13396.6243562986,5703.76027973346,47646.582043143,43929.7840873812,42109.6418795749,1445.46127486037,38432.3742820019,48760.0789494211,2418.41316975875,50024.8812320773
2011.0,health_exp_pc_usd,1043.3548584,239.19824219,5037.49169922,4931.87792969,4140.36230469,48.18242264,3391.98925781,5103.34326172,80.2377243,8015.78076172
2011.0,life_expectancy_years,74.047,75.889,80.4365853658537,82.1146341463415,80.9512195121951,67.623,82.1878048780488,82.5912195121951,51.49,78.6414634146341
2011.0,urban_population_pct,84.631,50.511,77.16,78.622,81.57,31.276,68.444,91.069,44.366,80.944
2012.0,child_mortality,17.2,13.5,4.0,4.1,4.8,52.0,3.8,3.1,130.9,7.0
2012.0,gdp_per_capita_usd,12521.7213519966,6405.0574241349,44735.5882319701,40863.5814412333,42490.1465463521,1429.32199520032,34854.3949441965,49145.2804308193,2633.19734671361,51708.3940614082
2012.0,health_exp_pc_usd,968.7277832,284.69760132,4765.67871094,4644.59570313,4217.24755859,48.45263672,3086.30322266,5232.36279297,87.89523315,8262.29101563
2012.0,life_expectancy_years,74.335,76.2,80.5390243902439,81.9682926829268,80.9048780487805,68.076,82.2390243902439,83.0960975609756,51.688,78.7414634146342
2012.0,urban_population_pct,84.923,51.765,77.17,78.878,81.837,31.634,68.684,91.148,45.246,81.119
2013.0,child_mortality,16.7,12.5,4.0,4.1,4.6,49.1,3.7,3.0,129.3,6.9
2013.0,gdp_per_capita_usd,12458.8912138813,7147.03518622344,47220.0102098851,42669.1795111893,43419.0352598932,1432.84397512195,35701.6746002376,40898.6478964744,2872.79083379398,53297.3862901595
2013.0,health_exp_pc_usd,993.79608154,329.08572388,5100.15234375,4884.71582031,4348.28662109,55.46933746,3149.24267578,4356.15527344,97.29588318,8411.42871094
2013.0,life_expectancy_years,74.609,76.452,80.490243902439,82.219512195122,81.0048780487805,68.499,82.690243902439,83.3319512195122,51.827,78.7414634146342
2013.0,urban_population_pct,85.209,53.013,77.18,79.135,82.102,32.003,68.979,91.226,46.118,81.299
2014.0,child_mortality,16.3,11.5,4.0,4.1,4.5,46.3,3.6,2.9,127.9,6.8
2014.0,gdp_per_capita_usd,12274.9939689363,7781.06597484974,48971.0824722599,43148.0459288416,47426.6209829995,1553.88396075118,36028.3494022349,38475.3952461838,3088.72131316169,55153.3940182967
2014.0,health_exp_pc_usd,1030.66271973,362.28695679,5309.15478516,4974.74658203,4716.30224609,56.3490181,3154.27587891,4121.21142578,102.39888763,8796.18261719
2014.0,life_expectancy_years,74.823,76.714,81.090243902439,82.719512195122,81.3048780487805,68.932,83.090243902439,83.5878048780488,51.94,78.8414634146341
2014.0,urban_population_pct,85.492,54.259,77.19,79.394,82.365,32.384,69.272,91.304,46.982,81.483
2015.0,child_mortality,16.0,10.7,3.9,4.2,4.5,43.6,3.5,2.8,126.4,6.8
2015.0,gdp_per_capita_usd,8936.19661712113,8175.33285077393,41911.0109851054,36702.4323733379,44983.885522934,1583.99815907985,30639.8829751432,34960.6393843385,2585.73360671797,56849.4697923159
2015.0,health_exp_pc_usd,796.15252686,393.09768677,4627.27587891,4198.72900391,4440.73828125,58.12401581,2675.67163086,3754.18115234,92.91207123,9200.85839844
2015.0,life_expectancy_years,75.106,76.975,80.6414634146341,82.3219512195122,80.9560975609756,69.326,82.5439024390244,83.7939024390244,51.939,78.690243902439
2015.0,urban_population_pct,85.77,55.5,77.2,79.655,82.626,32.777,69.565,91.381,47.838,81.671
2016.0,child_mortality,16.8,9.9,3.9,4.2,4.4,41.1,3.4,2.7,124.8,6.7
2016.0,gdp_per_capita_usd,8836.28652735657,8254.86859320357,42961.0356905775,37024.2157133669,40988.1044233026,1707.50892912243,31391.5692898108,39375.4731620781,2070.4127339595,57976.628204291
2016.0,health_exp_pc_usd,810.20037842,398.17489624,4746.77539063,4264.14599609,4016.63916016,59.72652817,2699.73291016,4194.22802734,75.52328491,9536.20605469
2016.0,life_expectancy_years,75.081,77.214,80.990243902439,82.5731707317073,81.1560975609756,69.709,83.2439024390244,83.9848780487805,52.189,78.5390243902439
2016.0,urban_population_pct,86.042,56.736,77.224,79.917,82.886,33.182,69.855,91.457,48.683,81.862
2017.0,child_mortality,15.4,9.2,3.8,4.2,4.4,38.7,3.3,2.6,122.8,6.6
2017.0,gdp_per_capita_usd,10080.5092819305,8979.67652709856,45526.5999576533,38687.1626407164,40629.2340347345,1950.10468280866,32844.115660604,38834.0529341227,1876.34027111773,60047.7190728307
2017.0,health_exp_pc_usd,954.75012207,439.94006348,5065.43164063,4416.79199219,3907.82226563,56.66844559,2809.72143555,4135.24316406,70.31814575,9822.37890625
2017.0,life_expectancy_years,75.383,77.235,80.9926829268293,82.5756097560976,81.2560975609756,70.068,82.9463414634147,84.099756097561,52.397,78.5390243902439
2017.0,urban_population_pct,86.309,57.96,77.261,80.18,83.143,33.6,70.144,91.535,49.519,82.058
2018.0,child_mortality,15.2,8.6,3.8,4.2,4.4,36.4,3.2,2.5,120.2,6.5
2018.0,gdp_per_capita_usd,9300.66164923219,10085.6638148819,48874.8595028454,41418.1766484844,43315.4874501318,1966.25455171679,34904.1081923834,39751.1330982711,2057.87944554011,62875.6661382728
2018.0,health_exp_pc_usd,880.28430176,504.10980225,5507.67675781,4667.95751953,4219.48632813,57.46551132,3002.76123047,4265.77929688,63.60244751,10182.25585938
2018.0,life_expectancy_years,75.633,77.709,80.8926829268293,82.6756097560976,81.2560975609756,70.415,83.3463414634146,84.2109756097561,52.669,78.6390243902439
2018.0,urban_population_pct,86.569,59.152,77.312,80.444,83.398,34.03,70.438,91.616,50.344,82.256
2019.0,child_mortality,15.0,8.0,3.7,4.2,4.4,34.3,3.1,2.5,117.5,6.5
2019.0,gdp_per_capita_usd,9029.83326681073,10342.9009524335,47623.8656074829,40408.2848574751,42794.0022648288,2041.42863698585,33812.788724868,40415.9567649547,2265.15520863056,65227.9565911038
2019.0,health_exp_pc_usd,868.17248535,538.99157715,5488.53955078,4508.76074219,4258.63476563,60.6913681,2910.64672852,4431.29980469,67.6254425,10546.01367188
2019.0,life_expectancy_years,75.809,77.94,81.2926829268293,82.8268292682927,81.3691219512195,70.746,83.4975609756098,84.3563414634146,53.009,78.7878048780488
2019.0,urban_population_pct,86.824,60.308,77.376,80.709,83.652,34.472,70.736,91.698,51.157,82.459
2020.0,child_mortality,14.9,7.5,3.7,4.2,4.4,32.4,3.0,2.4,114.4,6.5
2020.0,gdp_per_capita_usd,7074.19378337644,10627.4637989619,47379.765194548,39169.8606000707,40404.8062238951,1907.04251637669,32091.4866621366,40028.7341726762,2019.65706326224,64401.5074354212
2020.0,health_exp_pc_usd,680.76843262,582.95092773,5932.20019531,4747.51367188,4816.15283203,63.83099747,3062.09838867,4486.63671875,67.91384888,11672.77050781
2020.0,life_expectancy_years,74.506,78.019,81.0414634146342,82.1756097560976,80.331756097561,70.156,82.1951219512195,84.56,53.072,76.9804878048781
2020.0,urban_population_pct,87.073,61.428,77.453,80.975,83.903,34.926,71.039,91.782,51.958,82.664
2021.0,child_mortality,14.7,7.0,3.7,4.3,4.4,30.6,2.9,2.4,111.3,6.5
2021.0,gdp_per_capita_usd,7972.5366498646,12887.4357242941,52265.6541620571,43725.0999521245,46926.475736105,2239.61384367482,36852.5425414951,40094.5599795288,2017.27486481527,71307.4017277218
2021.0,health_exp_pc_usd,768.27075195,670.25897217,6638.20800781,5376.74560547,5612.04931641,75.54971313,3399.85766602,4482.61816406,81.87322235,11999.09082031
2021.0,life_expectancy_years,73.038,78.117,80.790243902439,82.3243902439024,80.6473170731707,67.282,82.6463414634146,84.4456097560976,53.455,76.3292682926829
2021.0,urban_population_pct,87.317,62.512,77.544,81.242,84.152,35.393,71.346,91.867,52.746,82.873
2022.0,child_mortality,14.6,6.6,3.7,4.3,4.5,29.1,2.8,2.4,108.1,6.5
2022.0,gdp_per_capita_usd,9281.33334441234,12970.6056414327,49686.1154582583,41082.8119320747,46062.9914079698,2347.44829434623,35653.9042103495,34065.6438962526,2139.37478476974,77860.9112908848
2022.0,health_exp_pc_usd,848.57122803,672.45159912,6182.34375,4865.17822266,5035.6171875,79.51509857,3134.68066406,3889.35717773,90.92185211,12434.43359375
2022.0,life_expectancy_years,74.872,78.202,80.6080487804878,82.1292682926829,81.0112195121951,71.698,82.7,83.9963414634146,54.079,77.4341463414634
2022.0,urban_population_pct,87.555,63.56,77.648,81.509,84.398,35.872,71.657,91.955,53.521,83.084
2023.0,child_mortality,14.4,6.2,3.7,4.3,4.5,27.7,2.8,2.4,104.9,6.5
2023.0,gdp_per_capita_usd,10377.5892792557,12951.1782397043,53940.4073447462,44690.9345395117,49200.8101526146,2530.12031278204,39065.4244365633,33836.1756271617,1596.63696129001,82304.6204272866
2023.0,health_exp_pc_usd,,,6232.59130859,,5366.77685547,,3228.43505859,,,
2023.0,life_expectancy_years,75.848,77.953,80.5414634146342,82.9292682926829,81.2380975609756,72.003,83.7,84.0412195121951,54.462,78.3853658536585
2023.0,urban_population_pct,87.788,64.57,77.765,81.777,84.642,36.364,71.973,92.043,54.283,83.298
